ID	Labels
data_396174	(OAG,NGEN,NCOM)
data_422473	(OAG,GEN,NCOM)
data_341422	(OAG,GEN,NCOM)
data_481654	(OAG,NGEN,COM)
data_427757	(OAG,NGEN,NCOM)
data_469689	(NAG,NGEN,NCOM)
data_470520	(OAG,NGEN,COM)
data_477554	(NAG,NGEN,NCOM)
data_440935	(NAG,NGEN,NCOM)
data_466432	(CAG,GEN,NCOM)
data_408292	(NAG,GEN,NCOM)
data_428078	(OAG,GEN,NCOM)
data_456793	(NAG,NGEN,COM)
data_407396	(NAG,NGEN,NCOM)
data_496593	(CAG,NGEN,NCOM)
data_488495	(OAG,NGEN,COM)
data_495869	(OAG,GEN,NCOM)
data_467320	(NAG,NGEN,NCOM)
data_382943	(OAG,NGEN,NCOM)
data_419939	(NAG,NGEN,NCOM)
data_490661	(OAG,GEN,NCOM)
data_419656	(OAG,GEN,NCOM)
data_332395	(OAG,GEN,NCOM)
data_489120	(NAG,NGEN,NCOM)
data_443565	(OAG,GEN,NCOM)
data_477597	(OAG,NGEN,COM)
data_443505	(CAG,GEN,NCOM)
data_330416	(NAG,NGEN,NCOM)
data_352613	(OAG,NGEN,NCOM)
data_332446	(NAG,GEN,NCOM)
data_367185	(OAG,NGEN,NCOM)
data_330436	(OAG,NGEN,COM)
data_470137	(OAG,GEN,NCOM)
data_483945	(NAG,NGEN,NCOM)
data_456790	(NAG,NGEN,NCOM)
data_408959	(OAG,GEN,NCOM)
data_408314	(OAG,GEN,NCOM)
data_440954	(CAG,NGEN,COM)
data_481710	(CAG,NGEN,NCOM)
data_335808	(OAG,GEN,NCOM)
data_496197	(NAG,NGEN,NCOM)
data_326671	(NAG,NGEN,NCOM)
data_471070	(NAG,NGEN,NCOM)
data_403764	(CAG,NGEN,NCOM)
data_325468	(CAG,NGEN,NCOM)
data_495868	(OAG,GEN,NCOM)
data_358026	(OAG,GEN,NCOM)
data_466407	(OAG,GEN,NCOM)
data_333788	(OAG,NGEN,NCOM)
data_487381	(NAG,NGEN,NCOM)
data_328475	(OAG,GEN,NCOM)
data_333700	(CAG,GEN,NCOM)
data_385738	(OAG,GEN,NCOM)
data_467382	(OAG,GEN,NCOM)
data_491708	(NAG,NGEN,NCOM)
data_491322	(NAG,NGEN,NCOM)
data_429453	(NAG,NGEN,NCOM)
data_402219	(OAG,NGEN,COM)
data_443770	(OAG,NGEN,COM)
data_383482	(NAG,NGEN,NCOM)
data_333805	(OAG,GEN,NCOM)
data_434825	(CAG,NGEN,NCOM)
data_440135	(CAG,NGEN,NCOM)
data_490858	(NAG,NGEN,NCOM)
data_331481	(NAG,NGEN,NCOM)
data_400746	(OAG,GEN,NCOM)
data_467161	(CAG,NGEN,NCOM)
data_433427	(CAG,NGEN,NCOM)
data_416607	(OAG,GEN,NCOM)
data_407916	(CAG,GEN,NCOM)
data_466683	(OAG,GEN,NCOM)
data_422539	(OAG,GEN,NCOM)
data_338023	(OAG,GEN,NCOM)
data_467811	(OAG,GEN,NCOM)
data_494437	(NAG,GEN,NCOM)
data_405147	(NAG,NGEN,NCOM)
data_433633	(OAG,NGEN,NCOM)
data_443518	(NAG,NGEN,COM)
data_331717	(CAG,GEN,NCOM)
data_402201	(OAG,GEN,NCOM)
data_468731	(NAG,NGEN,COM)
data_473416	(NAG,NGEN,NCOM)
data_467766	(OAG,GEN,NCOM)
data_330494	(NAG,NGEN,NCOM)
data_433465	(OAG,NGEN,COM)
data_466447	(NAG,NGEN,NCOM)
data_477608	(CAG,NGEN,NCOM)
data_334823	(NAG,GEN,NCOM)
data_400906	(OAG,NGEN,NCOM)
data_466419	(NAG,NGEN,NCOM)
data_477499	(OAG,GEN,NCOM)
data_426143	(OAG,GEN,NCOM)
data_330197	(CAG,NGEN,NCOM)
data_491260	(NAG,GEN,NCOM)
data_437991	(NAG,NGEN,NCOM)
data_330199	(OAG,GEN,NCOM)
data_477674	(NAG,NGEN,NCOM)
data_328223	(OAG,NGEN,NCOM)
data_328181	(OAG,NGEN,NCOM)
data_330537	(CAG,NGEN,NCOM)
data_507591	(OAG,GEN,NCOM)
data_440117	(NAG,NGEN,NCOM)
data_467960	(OAG,GEN,NCOM)
data_332396	(NAG,NGEN,NCOM)
data_490553	(OAG,GEN,NCOM)
data_477934	(CAG,NGEN,COM)
data_477202	(OAG,GEN,NCOM)
data_488940	(OAG,GEN,NCOM)
data_334822	(OAG,GEN,NCOM)
data_435292	(OAG,NGEN,NCOM)
data_337889	(NAG,NGEN,COM)
data_332137	(CAG,NGEN,NCOM)
data_477640	(OAG,GEN,NCOM)
data_485110	(OAG,GEN,NCOM)
data_416692	(OAG,GEN,NCOM)
data_377458	(NAG,NGEN,NCOM)
data_490640	(OAG,GEN,NCOM)
data_483950	(NAG,NGEN,NCOM)
data_337868	(OAG,GEN,NCOM)
data_470546	(OAG,GEN,NCOM)
data_341816	(CAG,NGEN,NCOM)
data_398096	(OAG,GEN,NCOM)
data_352968	(NAG,NGEN,NCOM)
data_503374	(OAG,NGEN,NCOM)
data_504808	(CAG,NGEN,COM)
data_335724	(OAG,NGEN,NCOM)
data_436547	(CAG,NGEN,NCOM)
data_466526	(OAG,GEN,NCOM)
data_503306	(OAG,GEN,NCOM)
data_417661	(OAG,GEN,NCOM)
data_384462	(NAG,NGEN,NCOM)
data_333737	(OAG,NGEN,NCOM)
data_496242	(NAG,NGEN,NCOM)
data_456786	(CAG,NGEN,NCOM)
data_495147	(CAG,NGEN,NCOM)
data_426770	(OAG,NGEN,NCOM)
data_402205	(NAG,NGEN,NCOM)
data_331711	(OAG,GEN,NCOM)
data_483913	(CAG,GEN,NCOM)
data_424416	(OAG,GEN,NCOM)
data_331519	(NAG,NGEN,NCOM)
data_463090	(CAG,NGEN,NCOM)
data_417666	(NAG,NGEN,NCOM)
data_471088	(NAG,NGEN,NCOM)
data_419649	(NAG,NGEN,NCOM)
data_473785	(NAG,GEN,NCOM)
data_335717	(NAG,NGEN,NCOM)
data_417668	(NAG,NGEN,NCOM)
data_466549	(NAG,NGEN,NCOM)
data_484507	(NAG,NGEN,NCOM)
data_323130	(NAG,NGEN,NCOM)
data_406208	(NAG,NGEN,NCOM)
data_425567	(CAG,NGEN,NCOM)
data_414715	(NAG,NGEN,NCOM)
data_477787	(CAG,NGEN,NCOM)
data_469708	(CAG,NGEN,COM)
data_477938	(OAG,NGEN,COM)
data_423644	(CAG,NGEN,NCOM)
data_333689	(CAG,GEN,NCOM)
data_489597	(NAG,NGEN,NCOM)
data_335885	(OAG,GEN,NCOM)
data_477778	(NAG,NGEN,NCOM)
data_416533	(OAG,GEN,NCOM)
data_466592	(CAG,NGEN,NCOM)
data_335659	(CAG,NGEN,NCOM)
data_430864	(OAG,NGEN,COM)
data_428093	(OAG,GEN,NCOM)
data_484808	(OAG,GEN,NCOM)
data_473437	(CAG,NGEN,NCOM)
data_484529	(OAG,GEN,NCOM)
data_481835	(NAG,NGEN,NCOM)
data_471878	(CAG,NGEN,NCOM)
data_434201	(NAG,NGEN,NCOM)
data_338229	(CAG,NGEN,COM)
data_466825	(OAG,GEN,NCOM)
data_436817	(OAG,GEN,NCOM)
data_490895	(NAG,NGEN,NCOM)
data_468717	(CAG,NGEN,NCOM)
data_333593	(CAG,NGEN,NCOM)
data_477641	(OAG,NGEN,NCOM)
data_456643	(NAG,NGEN,NCOM)
data_333749	(NAG,NGEN,NCOM)
data_442643	(NAG,NGEN,NCOM)
data_421669	(CAG,GEN,NCOM)
data_490767	(OAG,NGEN,NCOM)
data_468741	(NAG,NGEN,NCOM)
data_440714	(OAG,NGEN,NCOM)
data_477820	(OAG,GEN,NCOM)
data_496133	(NAG,NGEN,NCOM)
data_330068	(CAG,NGEN,NCOM)
data_328187	(NAG,NGEN,NCOM)
data_442020	(CAG,GEN,NCOM)
data_331707	(OAG,GEN,NCOM)
data_477184	(CAG,NGEN,NCOM)
data_338112	(CAG,NGEN,NCOM)
data_466749	(OAG,NGEN,NCOM)
data_366094	(OAG,NGEN,COM)
data_481471	(NAG,NGEN,NCOM)
data_332402	(NAG,NGEN,NCOM)
data_488391	(OAG,GEN,NCOM)
data_477609	(NAG,NGEN,NCOM)
data_468697	(OAG,GEN,NCOM)
data_451251	(OAG,GEN,NCOM)
data_371562	(OAG,NGEN,COM)
data_469729	(NAG,NGEN,NCOM)
data_466441	(NAG,NGEN,NCOM)
data_406258	(NAG,GEN,NCOM)
data_404913	(OAG,GEN,NCOM)
data_485336	(OAG,GEN,COM)
data_469869	(NAG,GEN,NCOM)
data_503593	(OAG,GEN,NCOM)
data_430860	(OAG,NGEN,NCOM)
data_330525	(CAG,NGEN,NCOM)
data_406183	(NAG,NGEN,NCOM)
data_428935	(NAG,NGEN,NCOM)
data_467199	(NAG,NGEN,NCOM)
data_466698	(OAG,GEN,NCOM)
data_482911	(OAG,NGEN,COM)
data_473826	(OAG,GEN,NCOM)
data_335692	(NAG,NGEN,NCOM)
data_333832	(NAG,NGEN,COM)
data_417966	(OAG,GEN,NCOM)
data_334586	(NAG,GEN,NCOM)
data_406488	(OAG,GEN,NCOM)
data_467581	(NAG,NGEN,NCOM)
data_406290	(NAG,NGEN,NCOM)
data_433456	(OAG,GEN,NCOM)
data_407896	(NAG,NGEN,NCOM)
data_402204	(CAG,NGEN,NCOM)
data_424420	(OAG,GEN,NCOM)
data_440087	(NAG,NGEN,NCOM)
data_404727	(OAG,GEN,COM)
data_409467	(CAG,NGEN,COM)
data_357915	(OAG,NGEN,NCOM)
data_414498	(OAG,GEN,NCOM)
data_333584	(CAG,GEN,NCOM)
data_328497	(OAG,GEN,NCOM)
data_469794	(NAG,NGEN,NCOM)
data_489178	(OAG,NGEN,NCOM)
data_443789	(NAG,GEN,NCOM)
data_328711	(NAG,NGEN,NCOM)
data_440944	(CAG,GEN,NCOM)
data_466933	(NAG,GEN,NCOM)
data_424446	(OAG,NGEN,COM)
data_411691	(NAG,NGEN,NCOM)
data_428095	(CAG,NGEN,NCOM)
data_411012	(OAG,GEN,NCOM)
data_470502	(CAG,GEN,NCOM)
data_469702	(NAG,NGEN,NCOM)
data_466492	(CAG,NGEN,NCOM)
data_466473	(NAG,NGEN,NCOM)
data_467740	(OAG,NGEN,NCOM)
data_426795	(OAG,GEN,NCOM)
data_481068	(OAG,NGEN,NCOM)
data_333824	(NAG,NGEN,NCOM)
data_376851	(CAG,GEN,NCOM)
data_482895	(OAG,GEN,NCOM)
data_442904	(NAG,NGEN,NCOM)
data_331714	(OAG,GEN,NCOM)
data_467778	(NAG,GEN,NCOM)
data_333572	(CAG,NGEN,NCOM)
data_469815	(OAG,NGEN,COM)
data_436392	(OAG,GEN,NCOM)
data_400859	(OAG,NGEN,NCOM)
data_402244	(OAG,GEN,NCOM)
data_443543	(CAG,NGEN,NCOM)
data_436338	(OAG,GEN,NCOM)
data_505731	(OAG,GEN,NCOM)
data_471840	(NAG,NGEN,NCOM)
data_437626	(CAG,GEN,NCOM)
data_469700	(OAG,GEN,NCOM)
data_333581	(NAG,NGEN,NCOM)
data_451327	(OAG,GEN,NCOM)
data_341326	(NAG,GEN,NCOM)
data_484679	(OAG,GEN,NCOM)
data_357882	(NAG,NGEN,NCOM)
data_400729	(NAG,GEN,NCOM)
data_502724	(NAG,GEN,COM)
data_422137	(OAG,GEN,NCOM)
data_466997	(NAG,NGEN,NCOM)
data_403796	(NAG,NGEN,NCOM)
data_440971	(NAG,NGEN,NCOM)
data_384476	(NAG,GEN,NCOM)
data_470736	(OAG,GEN,NCOM)
data_490094	(OAG,NGEN,NCOM)
data_425015	(NAG,NGEN,NCOM)
data_495197	(NAG,NGEN,NCOM)
data_484675	(NAG,NGEN,NCOM)
data_433420	(CAG,NGEN,NCOM)
data_358260	(CAG,NGEN,NCOM)
data_477714	(OAG,NGEN,NCOM)
data_430857	(OAG,GEN,NCOM)
data_336227	(NAG,NGEN,NCOM)
data_333774	(CAG,GEN,COM)
data_466500	(NAG,NGEN,NCOM)
data_496326	(CAG,GEN,NCOM)
data_402198	(OAG,GEN,NCOM)
data_436372	(NAG,NGEN,NCOM)
data_439652	(OAG,GEN,NCOM)
data_505965	(OAG,NGEN,NCOM)
data_466717	(NAG,GEN,NCOM)
data_477768	(CAG,NGEN,NCOM)
data_428493	(NAG,NGEN,NCOM)
data_333759	(OAG,NGEN,NCOM)
data_477752	(NAG,NGEN,NCOM)
data_466430	(CAG,NGEN,NCOM)
data_477563	(NAG,NGEN,NCOM)
data_468938	(OAG,GEN,NCOM)
data_429537	(CAG,NGEN,NCOM)
data_424199	(NAG,GEN,NCOM)
data_484505	(CAG,NGEN,NCOM)
data_331477	(OAG,NGEN,NCOM)
data_428112	(OAG,GEN,NCOM)
data_403830	(CAG,GEN,COM)
data_466563	(OAG,GEN,NCOM)
data_443724	(OAG,GEN,NCOM)
data_415923	(CAG,GEN,NCOM)
data_477760	(CAG,GEN,NCOM)
data_436330	(OAG,GEN,NCOM)
data_494903	(NAG,NGEN,NCOM)
data_467735	(CAG,NGEN,NCOM)
data_477005	(CAG,GEN,NCOM)
data_477553	(CAG,NGEN,NCOM)
data_406192	(OAG,GEN,NCOM)
data_456553	(OAG,NGEN,NCOM)
data_414800	(OAG,GEN,NCOM)
data_424448	(CAG,NGEN,NCOM)
data_400973	(CAG,NGEN,COM)
data_469128	(CAG,GEN,NCOM)
data_440949	(OAG,NGEN,COM)
data_467822	(OAG,GEN,NCOM)
data_487389	(NAG,NGEN,NCOM)
data_466457	(NAG,NGEN,NCOM)
data_495213	(CAG,GEN,NCOM)
data_333793	(OAG,GEN,NCOM)
data_415885	(NAG,NGEN,NCOM)
data_442494	(NAG,NGEN,NCOM)
data_437670	(NAG,GEN,NCOM)
data_481617	(OAG,NGEN,COM)
data_490684	(CAG,GEN,NCOM)
data_422570	(NAG,NGEN,NCOM)
data_490887	(NAG,NGEN,NCOM)
data_466519	(NAG,NGEN,NCOM)
data_441384	(CAG,NGEN,NCOM)
data_415500	(CAG,NGEN,NCOM)
data_357415	(NAG,NGEN,NCOM)
data_495872	(OAG,GEN,NCOM)
data_331118	(OAG,GEN,NCOM)
data_442087	(NAG,NGEN,NCOM)
data_328970	(NAG,NGEN,NCOM)
data_468913	(OAG,GEN,NCOM)
data_442900	(OAG,GEN,NCOM)
data_492211	(CAG,NGEN,NCOM)
data_457640	(NAG,GEN,NCOM)
data_435010	(NAG,NGEN,COM)
data_492210	(CAG,NGEN,NCOM)
data_472074	(NAG,GEN,NCOM)
data_440963	(OAG,GEN,NCOM)
data_335657	(OAG,NGEN,NCOM)
data_407224	(OAG,GEN,NCOM)
data_403669	(NAG,NGEN,NCOM)
data_466854	(OAG,GEN,NCOM)
data_336212	(NAG,NGEN,NCOM)
data_471265	(OAG,GEN,NCOM)
data_331663	(CAG,NGEN,NCOM)
data_376636	(OAG,GEN,NCOM)
data_435012	(NAG,NGEN,NCOM)
data_473582	(NAG,NGEN,NCOM)
data_382907	(NAG,NGEN,NCOM)
data_469838	(NAG,NGEN,NCOM)
data_489508	(CAG,GEN,NCOM)
data_357851	(NAG,NGEN,NCOM)
data_333792	(NAG,NGEN,NCOM)
data_365928	(NAG,NGEN,NCOM)
data_470499	(NAG,NGEN,NCOM)
data_488971	(NAG,NGEN,NCOM)
data_440950	(CAG,NGEN,NCOM)
data_494359	(NAG,NGEN,NCOM)
data_368087	(OAG,GEN,NCOM)
data_400846	(NAG,GEN,NCOM)
data_333815	(CAG,GEN,NCOM)
data_427084	(NAG,NGEN,NCOM)
data_400863	(CAG,GEN,NCOM)
data_477253	(NAG,NGEN,NCOM)
data_442493	(OAG,GEN,NCOM)
data_496241	(NAG,NGEN,NCOM)
data_422532	(OAG,GEN,NCOM)
data_402379	(OAG,NGEN,COM)
data_378877	(NAG,NGEN,NCOM)
data_333709	(OAG,NGEN,NCOM)
data_436545	(OAG,NGEN,NCOM)
data_485238	(NAG,GEN,NCOM)
data_418216	(NAG,NGEN,NCOM)
data_357829	(CAG,GEN,NCOM)
data_358154	(CAG,NGEN,NCOM)
data_488298	(CAG,NGEN,NCOM)
data_507706	(OAG,GEN,NCOM)
data_470676	(NAG,NGEN,COM)
data_393883	(NAG,GEN,NCOM)
data_403792	(CAG,NGEN,NCOM)
data_484786	(OAG,GEN,NCOM)
data_495230	(NAG,NGEN,NCOM)
data_484792	(OAG,NGEN,NCOM)
data_372862	(OAG,GEN,NCOM)
data_466440	(OAG,NGEN,NCOM)
data_400866	(OAG,GEN,NCOM)
data_506010	(CAG,NGEN,NCOM)
data_467304	(CAG,NGEN,NCOM)
data_466576	(NAG,NGEN,COM)
data_472105	(NAG,NGEN,NCOM)
data_443617	(CAG,NGEN,NCOM)
data_404269	(CAG,NGEN,NCOM)
data_402021	(CAG,NGEN,NCOM)
data_434822	(CAG,GEN,NCOM)
data_477771	(OAG,GEN,NCOM)
data_357883	(OAG,GEN,NCOM)
data_468884	(OAG,GEN,NCOM)
data_440953	(NAG,GEN,NCOM)
data_419660	(OAG,NGEN,NCOM)
data_477779	(CAG,NGEN,NCOM)
data_477655	(OAG,GEN,NCOM)
data_461469	(NAG,NGEN,COM)
data_422525	(CAG,NGEN,NCOM)
data_426203	(NAG,NGEN,COM)
data_494444	(OAG,GEN,NCOM)
data_493316	(NAG,NGEN,NCOM)
data_358224	(OAG,GEN,NCOM)
data_494809	(OAG,GEN,NCOM)
data_355578	(OAG,GEN,NCOM)
data_469734	(CAG,NGEN,NCOM)
data_436982	(OAG,GEN,NCOM)
data_490648	(OAG,GEN,NCOM)
data_467316	(NAG,NGEN,NCOM)
data_434817	(NAG,NGEN,NCOM)
data_438574	(CAG,NGEN,NCOM)
data_336240	(OAG,GEN,NCOM)
data_427080	(NAG,NGEN,NCOM)
data_485196	(OAG,NGEN,NCOM)
data_403574	(OAG,NGEN,COM)
data_437345	(CAG,NGEN,NCOM)
data_416935	(OAG,GEN,NCOM)
data_384595	(CAG,NGEN,NCOM)
data_413780	(OAG,GEN,NCOM)
data_466693	(OAG,GEN,NCOM)
data_416918	(OAG,GEN,NCOM)
data_468904	(OAG,GEN,NCOM)
data_335768	(NAG,NGEN,NCOM)
data_443577	(NAG,NGEN,NCOM)
data_400402	(NAG,NGEN,NCOM)
data_488996	(OAG,GEN,NCOM)
data_409724	(OAG,NGEN,NCOM)
data_466536	(NAG,GEN,NCOM)
data_502771	(OAG,GEN,NCOM)
data_466655	(NAG,NGEN,NCOM)
data_415856	(OAG,GEN,NCOM)
data_416681	(NAG,NGEN,NCOM)
data_440462	(OAG,NGEN,COM)
data_440962	(CAG,NGEN,NCOM)
data_469704	(NAG,GEN,NCOM)
data_466628	(OAG,GEN,NCOM)
data_428117	(CAG,NGEN,NCOM)
data_384508	(CAG,GEN,NCOM)
data_443562	(CAG,GEN,NCOM)
data_465946	(NAG,GEN,NCOM)
data_357187	(OAG,GEN,NCOM)
data_331488	(NAG,NGEN,NCOM)
data_473081	(OAG,GEN,NCOM)
data_471883	(OAG,NGEN,NCOM)
data_332367	(OAG,GEN,NCOM)
data_442495	(CAG,GEN,NCOM)
data_325860	(CAG,NGEN,NCOM)
data_489298	(NAG,NGEN,NCOM)
data_468714	(OAG,NGEN,COM)
data_473517	(OAG,NGEN,NCOM)
data_403752	(NAG,NGEN,NCOM)
data_415503	(OAG,GEN,NCOM)
data_418510	(CAG,GEN,NCOM)
data_506226	(OAG,NGEN,NCOM)
data_333837	(NAG,NGEN,NCOM)
data_409044	(NAG,NGEN,NCOM)
data_404258	(NAG,NGEN,NCOM)
data_424008	(CAG,NGEN,NCOM)
data_488085	(NAG,NGEN,NCOM)
data_331474	(NAG,NGEN,NCOM)
data_443839	(NAG,GEN,COM)
data_489192	(OAG,GEN,NCOM)
data_443626	(OAG,GEN,NCOM)
data_483914	(NAG,NGEN,NCOM)
data_442650	(CAG,NGEN,NCOM)
data_407866	(NAG,NGEN,NCOM)
data_323059	(NAG,NGEN,NCOM)
data_440943	(CAG,NGEN,NCOM)
data_467785	(NAG,NGEN,NCOM)
data_330142	(OAG,NGEN,NCOM)
data_416543	(OAG,NGEN,NCOM)
data_507714	(CAG,NGEN,NCOM)
data_411985	(OAG,GEN,NCOM)
data_456637	(OAG,GEN,NCOM)
data_471864	(OAG,GEN,NCOM)
data_407978	(CAG,NGEN,COM)
data_468726	(OAG,NGEN,NCOM)
data_451290	(OAG,GEN,NCOM)
data_334589	(OAG,GEN,NCOM)
data_468533	(OAG,NGEN,COM)
data_484789	(OAG,NGEN,NCOM)
data_507716	(NAG,NGEN,NCOM)
data_430856	(OAG,NGEN,COM)
data_490626	(NAG,NGEN,NCOM)
data_481065	(NAG,NGEN,NCOM)
data_472125	(CAG,GEN,NCOM)
data_472102	(NAG,GEN,NCOM)
data_483966	(OAG,GEN,NCOM)
data_383731	(NAG,NGEN,COM)
data_482913	(NAG,NGEN,NCOM)
data_481066	(CAG,NGEN,NCOM)
data_490474	(OAG,NGEN,COM)
data_490472	(OAG,GEN,NCOM)
data_467787	(NAG,NGEN,NCOM)
data_466679	(OAG,NGEN,NCOM)
data_330070	(NAG,NGEN,NCOM)
data_435537	(OAG,GEN,NCOM)
data_396190	(OAG,GEN,NCOM)
data_466409	(OAG,GEN,NCOM)
data_419931	(NAG,NGEN,NCOM)
data_463151	(OAG,GEN,NCOM)
data_477757	(OAG,NGEN,COM)
data_468701	(CAG,GEN,NCOM)
data_409453	(NAG,NGEN,NCOM)
data_429541	(OAG,NGEN,NCOM)
data_468444	(NAG,GEN,NCOM)
data_333577	(OAG,NGEN,NCOM)
data_488301	(OAG,NGEN,COM)
data_408960	(OAG,GEN,NCOM)
data_451315	(NAG,NGEN,NCOM)
data_406231	(NAG,NGEN,NCOM)
data_468440	(OAG,GEN,NCOM)
data_495173	(OAG,GEN,NCOM)
data_469699	(CAG,NGEN,COM)
data_415179	(CAG,NGEN,NCOM)
data_403698	(OAG,GEN,NCOM)
data_466556	(NAG,NGEN,NCOM)
data_502723	(NAG,NGEN,NCOM)
data_405056	(NAG,NGEN,NCOM)
data_466480	(CAG,NGEN,NCOM)
data_489989	(CAG,NGEN,NCOM)
data_495154	(OAG,GEN,NCOM)
data_477712	(OAG,GEN,NCOM)
data_335663	(OAG,GEN,NCOM)
data_467867	(OAG,NGEN,NCOM)
data_443559	(NAG,NGEN,NCOM)
data_470373	(OAG,GEN,NCOM)
data_372561	(CAG,GEN,NCOM)
data_342162	(OAG,GEN,NCOM)
data_456555	(OAG,GEN,NCOM)
data_468443	(NAG,NGEN,NCOM)
data_403799	(NAG,NGEN,NCOM)
data_434197	(NAG,NGEN,NCOM)
data_401153	(OAG,NGEN,COM)
data_355752	(OAG,NGEN,COM)
data_473109	(NAG,NGEN,NCOM)
data_428125	(OAG,GEN,NCOM)
data_377586	(CAG,NGEN,NCOM)
data_506300	(CAG,NGEN,NCOM)
data_377485	(NAG,NGEN,NCOM)
data_342163	(NAG,NGEN,NCOM)
data_489881	(OAG,GEN,NCOM)
data_507439	(CAG,NGEN,NCOM)
data_328229	(CAG,NGEN,NCOM)
data_325512	(OAG,GEN,NCOM)
data_414006	(CAG,GEN,NCOM)
data_471905	(OAG,GEN,NCOM)
data_470517	(OAG,GEN,NCOM)
data_466674	(OAG,GEN,NCOM)
data_470716	(OAG,GEN,NCOM)
data_334593	(NAG,GEN,NCOM)
data_481823	(NAG,NGEN,NCOM)
data_330538	(OAG,NGEN,NCOM)
data_331713	(NAG,NGEN,COM)
data_495179	(CAG,GEN,NCOM)
data_457205	(OAG,GEN,NCOM)
data_467734	(NAG,NGEN,COM)
data_477792	(NAG,NGEN,NCOM)
data_468764	(OAG,GEN,NCOM)
data_405904	(NAG,NGEN,NCOM)
data_333755	(OAG,NGEN,COM)
data_331536	(NAG,NGEN,NCOM)
data_490792	(CAG,NGEN,NCOM)
data_335850	(NAG,GEN,NCOM)
data_438591	(OAG,NGEN,NCOM)
data_436975	(NAG,NGEN,NCOM)
data_490633	(OAG,GEN,NCOM)
data_466467	(OAG,GEN,NCOM)
data_495003	(CAG,NGEN,NCOM)
data_478194	(NAG,GEN,NCOM)
data_473016	(NAG,NGEN,NCOM)
data_473124	(OAG,GEN,NCOM)
data_467876	(NAG,NGEN,NCOM)
data_418199	(OAG,NGEN,NCOM)
data_468670	(OAG,NGEN,NCOM)
data_477689	(CAG,NGEN,NCOM)
data_469855	(OAG,GEN,NCOM)
data_440982	(NAG,NGEN,NCOM)
data_405361	(OAG,GEN,NCOM)
data_477951	(NAG,NGEN,NCOM)
data_428135	(OAG,GEN,NCOM)
data_471866	(CAG,NGEN,COM)
data_332151	(OAG,GEN,NCOM)
data_477780	(OAG,GEN,NCOM)
data_472063	(OAG,GEN,NCOM)
data_418861	(OAG,NGEN,NCOM)
data_325498	(NAG,NGEN,COM)
data_406190	(CAG,NGEN,NCOM)
data_331686	(OAG,GEN,NCOM)
data_466589	(OAG,GEN,NCOM)
data_497231	(OAG,GEN,NCOM)
data_441761	(NAG,NGEN,NCOM)
data_404744	(OAG,GEN,NCOM)
data_442126	(NAG,NGEN,NCOM)
data_470723	(OAG,GEN,NCOM)
data_398064	(OAG,GEN,NCOM)
data_408295	(CAG,NGEN,NCOM)
data_466591	(OAG,GEN,NCOM)
data_406195	(NAG,NGEN,NCOM)
data_466445	(OAG,NGEN,NCOM)
data_466465	(CAG,NGEN,COM)
data_372888	(OAG,NGEN,NCOM)
data_467613	(CAG,NGEN,NCOM)
data_442310	(OAG,GEN,NCOM)
data_331486	(OAG,GEN,NCOM)
data_341618	(OAG,GEN,NCOM)
data_496127	(NAG,NGEN,NCOM)
data_464795	(OAG,NGEN,NCOM)
data_443733	(NAG,NGEN,NCOM)
data_466002	(CAG,NGEN,NCOM)
data_335730	(CAG,NGEN,NCOM)
data_490477	(OAG,NGEN,NCOM)
data_406943	(NAG,NGEN,NCOM)
data_414818	(OAG,GEN,NCOM)
data_503595	(CAG,GEN,NCOM)
data_504804	(OAG,GEN,NCOM)
data_506715	(NAG,NGEN,NCOM)
data_457204	(CAG,NGEN,NCOM)
data_481481	(NAG,NGEN,NCOM)
data_398047	(NAG,NGEN,NCOM)
data_495338	(NAG,NGEN,NCOM)
data_440981	(NAG,GEN,NCOM)
data_402368	(NAG,NGEN,NCOM)
data_471859	(NAG,NGEN,NCOM)
data_404733	(NAG,NGEN,NCOM)
data_492712	(NAG,NGEN,NCOM)
data_333739	(NAG,NGEN,NCOM)
data_419652	(NAG,NGEN,NCOM)
data_489405	(CAG,NGEN,NCOM)
data_477529	(NAG,NGEN,NCOM)
data_335703	(CAG,NGEN,NCOM)
data_490643	(CAG,NGEN,COM)
data_467685	(OAG,NGEN,COM)
data_477643	(CAG,NGEN,NCOM)
data_353342	(CAG,GEN,NCOM)
data_393747	(NAG,NGEN,NCOM)
data_487682	(OAG,GEN,NCOM)
data_406206	(NAG,NGEN,NCOM)
data_331535	(OAG,GEN,NCOM)
data_466520	(CAG,NGEN,NCOM)
data_482887	(CAG,NGEN,NCOM)
data_441346	(OAG,NGEN,COM)
data_331495	(OAG,GEN,NCOM)
data_468445	(OAG,GEN,NCOM)
data_466435	(CAG,NGEN,NCOM)
data_402026	(OAG,GEN,NCOM)
data_440976	(NAG,NGEN,NCOM)
data_371559	(CAG,NGEN,NCOM)
data_467868	(NAG,NGEN,NCOM)
data_440426	(CAG,NGEN,COM)
data_333566	(OAG,GEN,NCOM)
data_378286	(OAG,GEN,NCOM)
data_333706	(NAG,NGEN,NCOM)
data_337866	(CAG,NGEN,NCOM)
data_470727	(CAG,NGEN,NCOM)
data_334592	(OAG,NGEN,NCOM)
data_331650	(NAG,NGEN,NCOM)
data_440985	(NAG,NGEN,NCOM)
data_440072	(NAG,NGEN,NCOM)
data_467877	(CAG,GEN,NCOM)
data_323114	(OAG,NGEN,NCOM)
data_466450	(NAG,NGEN,NCOM)
data_441355	(OAG,NGEN,NCOM)
data_461212	(OAG,GEN,NCOM)
data_440936	(NAG,NGEN,NCOM)
data_443728	(CAG,NGEN,NCOM)
data_406626	(NAG,NGEN,NCOM)
data_331463	(CAG,GEN,NCOM)
data_331468	(OAG,GEN,NCOM)
data_343111	(CAG,NGEN,NCOM)
data_469126	(CAG,NGEN,NCOM)
data_330493	(OAG,NGEN,NCOM)
data_461213	(OAG,NGEN,COM)
data_414478	(NAG,NGEN,NCOM)
data_322521	(NAG,NGEN,NCOM)
data_330465	(OAG,GEN,NCOM)
data_330430	(NAG,NGEN,NCOM)
data_467546	(OAG,GEN,NCOM)
data_481838	(OAG,GEN,NCOM)
data_468725	(OAG,NGEN,COM)
data_467645	(NAG,NGEN,NCOM)
data_467759	(NAG,NGEN,NCOM)
data_330105	(NAG,GEN,NCOM)
data_467545	(OAG,GEN,NCOM)
data_441360	(OAG,GEN,COM)
data_466401	(NAG,GEN,NCOM)
data_466710	(OAG,GEN,NCOM)
data_406625	(OAG,NGEN,NCOM)
data_466649	(CAG,NGEN,NCOM)
data_366254	(NAG,NGEN,NCOM)
data_332148	(NAG,NGEN,NCOM)
data_466629	(NAG,NGEN,NCOM)
data_466505	(OAG,GEN,NCOM)
data_440956	(OAG,NGEN,COM)
data_322520	(OAG,GEN,NCOM)
data_466650	(NAG,NGEN,NCOM)
data_331502	(NAG,NGEN,COM)
data_451312	(OAG,GEN,NCOM)
data_467661	(NAG,GEN,NCOM)
data_474230	(OAG,GEN,NCOM)
data_466460	(NAG,NGEN,NCOM)
data_333619	(NAG,NGEN,NCOM)
data_467719	(OAG,GEN,NCOM)
data_489369	(NAG,NGEN,NCOM)
data_468929	(CAG,NGEN,NCOM)
data_467714	(OAG,GEN,NCOM)
data_371697	(NAG,NGEN,NCOM)
data_477491	(OAG,GEN,COM)
data_331567	(CAG,NGEN,COM)
data_330415	(OAG,NGEN,NCOM)
data_467857	(OAG,GEN,NCOM)
data_331480	(CAG,GEN,NCOM)
data_489195	(OAG,GEN,NCOM)
data_466734	(NAG,NGEN,NCOM)
data_440995	(OAG,NGEN,NCOM)
data_331491	(NAG,GEN,NCOM)
data_400967	(NAG,NGEN,NCOM)
data_331483	(CAG,GEN,NCOM)
data_402035	(NAG,GEN,NCOM)
data_402023	(OAG,NGEN,COM)
data_466392	(NAG,NGEN,NCOM)
data_441344	(CAG,NGEN,NCOM)
data_466722	(OAG,GEN,NCOM)
data_481839	(CAG,GEN,NCOM)
data_466714	(NAG,NGEN,NCOM)
data_330376	(CAG,NGEN,NCOM)
data_467566	(NAG,NGEN,NCOM)
data_328478	(OAG,NGEN,NCOM)
data_330464	(OAG,GEN,NCOM)
data_470719	(OAG,NGEN,NCOM)
data_371602	(NAG,NGEN,NCOM)
data_466783	(CAG,GEN,NCOM)
data_331493	(OAG,GEN,NCOM)
data_358307	(NAG,NGEN,NCOM)
data_440997	(OAG,GEN,NCOM)
data_404784	(NAG,GEN,NCOM)
data_330488	(CAG,NGEN,NCOM)
data_325850	(OAG,NGEN,COM)
data_467838	(OAG,GEN,NCOM)
data_466518	(OAG,NGEN,NCOM)
data_330425	(OAG,GEN,NCOM)
data_333562	(CAG,NGEN,NCOM)
data_328713	(OAG,GEN,NCOM)
data_334591	(OAG,GEN,NCOM)
data_434821	(NAG,NGEN,NCOM)
data_333881	(CAG,GEN,NCOM)
data_466462	(OAG,GEN,NCOM)
data_467653	(NAG,NGEN,NCOM)
data_421413	(OAG,GEN,NCOM)
data_466662	(NAG,GEN,NCOM)
data_489002	(OAG,GEN,NCOM)
data_451316	(NAG,NGEN,NCOM)
data_330398	(NAG,GEN,NCOM)
data_366290	(NAG,GEN,COM)
data_467858	(OAG,GEN,NCOM)
data_330426	(NAG,NGEN,NCOM)
data_470724	(NAG,NGEN,NCOM)
data_442497	(NAG,NGEN,NCOM)
data_330492	(NAG,GEN,NCOM)
data_333951	(OAG,GEN,NCOM)
data_466861	(OAG,NGEN,NCOM)
data_378742	(NAG,NGEN,NCOM)
data_328716	(NAG,NGEN,NCOM)
data_331699	(NAG,NGEN,NCOM)
data_333822	(CAG,NGEN,NCOM)
data_384455	(CAG,NGEN,NCOM)
data_467710	(OAG,NGEN,NCOM)
data_330461	(OAG,GEN,NCOM)
data_331117	(NAG,NGEN,NCOM)
data_400847	(CAG,GEN,COM)
data_466647	(NAG,NGEN,NCOM)
data_441246	(CAG,GEN,NCOM)
data_330411	(OAG,GEN,NCOM)
data_467713	(NAG,NGEN,NCOM)
data_466449	(OAG,GEN,NCOM)
data_467839	(OAG,NGEN,NCOM)
data_466438	(NAG,GEN,NCOM)
data_466682	(CAG,NGEN,NCOM)
data_466782	(NAG,NGEN,NCOM)
data_357881	(OAG,NGEN,NCOM)
data_333790	(NAG,NGEN,NCOM)
data_406624	(CAG,NGEN,NCOM)
data_442516	(NAG,NGEN,NCOM)
data_328482	(OAG,GEN,NCOM)
data_328483	(CAG,NGEN,NCOM)
data_496715	(NAG,GEN,NCOM)
data_466512	(CAG,NGEN,NCOM)
data_491242	(OAG,NGEN,NCOM)
data_333682	(OAG,GEN,NCOM)
data_330087	(CAG,GEN,COM)
data_441316	(OAG,GEN,NCOM)
data_468448	(OAG,GEN,NCOM)
data_328724	(CAG,GEN,NCOM)
data_400969	(CAG,GEN,NCOM)
data_466590	(OAG,GEN,NCOM)
data_400891	(NAG,NGEN,NCOM)
data_330427	(CAG,NGEN,NCOM)
data_330396	(CAG,GEN,NCOM)
data_330387	(CAG,NGEN,NCOM)
data_400961	(OAG,GEN,NCOM)
data_480421	(OAG,NGEN,NCOM)
data_466611	(OAG,GEN,NCOM)
data_384451	(CAG,NGEN,NCOM)
data_466648	(CAG,NGEN,COM)
data_467804	(CAG,GEN,NCOM)
data_466681	(OAG,NGEN,COM)
data_330460	(OAG,GEN,NCOM)
data_466583	(NAG,NGEN,NCOM)
data_467772	(NAG,NGEN,NCOM)
data_331112	(CAG,GEN,NCOM)
data_440942	(OAG,GEN,NCOM)
data_371612	(NAG,NGEN,NCOM)
data_440057	(NAG,NGEN,NCOM)
data_400829	(NAG,GEN,NCOM)
data_330448	(OAG,NGEN,COM)
data_466720	(CAG,GEN,NCOM)
data_331501	(NAG,NGEN,NCOM)
data_326678	(NAG,NGEN,NCOM)
data_466612	(NAG,NGEN,NCOM)
data_440961	(CAG,NGEN,NCOM)
data_331537	(CAG,NGEN,NCOM)
data_466548	(NAG,NGEN,NCOM)
data_440931	(OAG,GEN,NCOM)
data_330480	(OAG,GEN,NCOM)
data_437973	(NAG,NGEN,NCOM)
data_333811	(NAG,NGEN,NCOM)
data_330403	(OAG,GEN,NCOM)
data_330478	(OAG,GEN,NCOM)
data_494750	(CAG,NGEN,NCOM)
data_467718	(NAG,GEN,NCOM)
data_333539	(NAG,NGEN,COM)
data_401108	(CAG,NGEN,NCOM)
data_467541	(NAG,GEN,NCOM)
data_383604	(OAG,GEN,NCOM)
data_331500	(OAG,NGEN,NCOM)
data_489140	(OAG,GEN,NCOM)
data_331467	(NAG,NGEN,NCOM)
data_467782	(OAG,GEN,NCOM)
data_466636	(NAG,NGEN,NCOM)
data_467832	(OAG,GEN,NCOM)
data_466461	(CAG,NGEN,NCOM)
data_333786	(OAG,GEN,NCOM)
data_330388	(NAG,NGEN,NCOM)
data_395507	(NAG,NGEN,NCOM)
data_467692	(NAG,NGEN,NCOM)
data_442501	(NAG,NGEN,NCOM)
data_457784	(CAG,GEN,NCOM)
data_396191	(NAG,NGEN,NCOM)
data_330459	(NAG,NGEN,NCOM)
data_331469	(NAG,NGEN,NCOM)
data_384444	(NAG,NGEN,NCOM)
data_467800	(NAG,NGEN,NCOM)
data_466499	(CAG,NGEN,NCOM)
data_467840	(NAG,NGEN,NCOM)
data_442945	(OAG,GEN,NCOM)
data_496232	(NAG,GEN,NCOM)
data_467705	(CAG,GEN,NCOM)
data_466403	(NAG,NGEN,NCOM)
data_331476	(CAG,GEN,NCOM)
data_397250	(NAG,NGEN,NCOM)
data_404783	(OAG,GEN,NCOM)
data_469144	(NAG,NGEN,NCOM)
data_330392	(OAG,GEN,NCOM)
data_467824	(OAG,NGEN,COM)
data_330497	(NAG,NGEN,NCOM)
data_466402	(OAG,NGEN,NCOM)
data_467830	(OAG,NGEN,NCOM)
data_466514	(NAG,GEN,NCOM)
data_333576	(NAG,NGEN,NCOM)
data_466779	(CAG,GEN,NCOM)
data_467660	(CAG,NGEN,NCOM)
data_401176	(CAG,NGEN,NCOM)
data_347168	(OAG,GEN,NCOM)
data_451233	(NAG,NGEN,COM)
data_470730	(NAG,GEN,NCOM)
data_366395	(CAG,NGEN,NCOM)
data_466621	(OAG,GEN,NCOM)
data_358025	(NAG,NGEN,NCOM)
data_325461	(OAG,NGEN,NCOM)
data_467607	(OAG,GEN,NCOM)
data_466625	(OAG,NGEN,NCOM)
data_378027	(OAG,GEN,NCOM)
data_441121	(CAG,NGEN,NCOM)
data_467860	(CAG,NGEN,NCOM)
data_463988	(NAG,NGEN,COM)
data_478172	(NAG,NGEN,NCOM)
data_331485	(CAG,NGEN,NCOM)
data_322509	(CAG,NGEN,NCOM)
data_397216	(CAG,NGEN,NCOM)
data_466506	(CAG,GEN,NCOM)
data_441285	(OAG,GEN,NCOM)
data_466859	(OAG,GEN,NCOM)
