ID	Labels
data_1	(OAG,NGEN,NCOM)
data_2	(OAG,GEN,NCOM)
data_3	(OAG,GEN,NCOM)
data_4	(OAG,NGEN,COM)
data_5	(OAG,NGEN,NCOM)
data_6	(NAG,NGEN,NCOM)
data_7	(OAG,NGEN,COM)
data_8	(NAG,NGEN,NCOM)
data_9	(NAG,NGEN,NCOM)
data_10	(CAG,GEN,NCOM)
data_11	(NAG,GEN,NCOM)
data_12	(OAG,GEN,NCOM)
data_13	(NAG,NGEN,COM)
data_14	(NAG,NGEN,NCOM)
data_15	(CAG,NGEN,NCOM)
data_16	(OAG,NGEN,COM)
data_17	(OAG,GEN,NCOM)
data_18	(NAG,NGEN,NCOM)
data_19	(OAG,NGEN,NCOM)
data_20	(NAG,NGEN,NCOM)
data_21	(OAG,GEN,NCOM)
data_22	(OAG,GEN,NCOM)
data_23	(OAG,GEN,NCOM)
data_24	(NAG,NGEN,NCOM)
data_25	(OAG,GEN,NCOM)
data_26	(OAG,NGEN,COM)
data_27	(CAG,GEN,NCOM)
data_28	(NAG,NGEN,NCOM)
data_29	(OAG,NGEN,NCOM)
data_30	(NAG,GEN,NCOM)
data_31	(OAG,NGEN,NCOM)
data_32	(OAG,NGEN,COM)
data_33	(OAG,GEN,NCOM)
data_34	(NAG,NGEN,NCOM)
data_35	(NAG,NGEN,NCOM)
data_36	(OAG,GEN,NCOM)
data_37	(OAG,GEN,NCOM)
data_38	(CAG,NGEN,COM)
data_39	(CAG,NGEN,NCOM)
data_40	(OAG,GEN,NCOM)
data_41	(NAG,NGEN,NCOM)
data_42	(NAG,NGEN,NCOM)
data_43	(NAG,NGEN,NCOM)
data_44	(CAG,NGEN,NCOM)
data_45	(CAG,NGEN,NCOM)
data_46	(OAG,GEN,NCOM)
data_47	(OAG,GEN,NCOM)
data_48	(OAG,GEN,NCOM)
data_49	(OAG,NGEN,NCOM)
data_50	(NAG,NGEN,NCOM)
data_51	(OAG,GEN,NCOM)
data_52	(CAG,GEN,NCOM)
data_53	(OAG,GEN,NCOM)
data_54	(OAG,GEN,NCOM)
data_55	(NAG,NGEN,NCOM)
data_56	(NAG,NGEN,NCOM)
data_57	(NAG,NGEN,NCOM)
data_58	(OAG,NGEN,COM)
data_59	(OAG,NGEN,COM)
data_60	(NAG,NGEN,NCOM)
data_61	(OAG,GEN,NCOM)
data_62	(CAG,NGEN,NCOM)
data_63	(CAG,NGEN,NCOM)
data_64	(NAG,NGEN,NCOM)
data_65	(NAG,NGEN,NCOM)
data_66	(OAG,GEN,NCOM)
data_67	(CAG,NGEN,NCOM)
data_68	(CAG,NGEN,NCOM)
data_69	(OAG,GEN,NCOM)
data_70	(CAG,GEN,NCOM)
data_71	(OAG,GEN,NCOM)
data_72	(OAG,GEN,NCOM)
data_73	(OAG,GEN,NCOM)
data_74	(OAG,GEN,NCOM)
data_75	(NAG,GEN,NCOM)
data_76	(NAG,NGEN,NCOM)
data_77	(OAG,NGEN,NCOM)
data_78	(NAG,NGEN,COM)
data_79	(CAG,GEN,NCOM)
data_80	(OAG,GEN,NCOM)
data_81	(NAG,NGEN,COM)
data_82	(NAG,NGEN,NCOM)
data_83	(OAG,GEN,NCOM)
data_84	(NAG,NGEN,NCOM)
data_85	(OAG,NGEN,COM)
data_86	(NAG,NGEN,NCOM)
data_87	(CAG,NGEN,NCOM)
data_88	(NAG,GEN,NCOM)
data_89	(OAG,NGEN,NCOM)
data_90	(NAG,NGEN,NCOM)
data_91	(OAG,GEN,NCOM)
data_92	(OAG,GEN,NCOM)
data_93	(CAG,NGEN,NCOM)
data_94	(NAG,GEN,NCOM)
data_95	(NAG,NGEN,NCOM)
data_96	(OAG,GEN,NCOM)
data_97	(NAG,NGEN,NCOM)
data_98	(OAG,NGEN,NCOM)
data_99	(OAG,NGEN,NCOM)
data_100	(CAG,NGEN,NCOM)
data_101	(OAG,GEN,NCOM)
data_102	(NAG,NGEN,NCOM)
data_103	(OAG,GEN,NCOM)
data_104	(NAG,NGEN,NCOM)
data_105	(OAG,GEN,NCOM)
data_106	(CAG,NGEN,COM)
data_107	(OAG,GEN,NCOM)
data_108	(OAG,GEN,NCOM)
data_109	(OAG,GEN,NCOM)
data_110	(OAG,NGEN,NCOM)
data_111	(NAG,NGEN,COM)
data_112	(CAG,NGEN,NCOM)
data_113	(OAG,GEN,NCOM)
data_114	(OAG,GEN,NCOM)
data_115	(OAG,GEN,NCOM)
data_116	(NAG,NGEN,NCOM)
data_117	(OAG,GEN,NCOM)
data_118	(NAG,NGEN,NCOM)
data_119	(OAG,GEN,NCOM)
data_120	(OAG,GEN,NCOM)
data_121	(CAG,NGEN,NCOM)
data_122	(OAG,GEN,NCOM)
data_123	(NAG,NGEN,NCOM)
data_124	(OAG,NGEN,NCOM)
data_125	(CAG,NGEN,COM)
data_126	(OAG,NGEN,NCOM)
data_127	(CAG,NGEN,NCOM)
data_128	(OAG,GEN,NCOM)
data_129	(OAG,GEN,NCOM)
data_130	(OAG,GEN,NCOM)
data_131	(NAG,NGEN,NCOM)
data_132	(OAG,NGEN,NCOM)
data_133	(NAG,NGEN,NCOM)
data_134	(CAG,NGEN,NCOM)
data_135	(CAG,NGEN,NCOM)
data_136	(OAG,NGEN,NCOM)
data_137	(NAG,NGEN,NCOM)
data_138	(OAG,GEN,NCOM)
data_139	(CAG,GEN,NCOM)
data_140	(OAG,GEN,NCOM)
data_141	(NAG,NGEN,NCOM)
data_142	(CAG,NGEN,NCOM)
data_143	(NAG,NGEN,NCOM)
data_144	(NAG,NGEN,NCOM)
data_145	(NAG,NGEN,NCOM)
data_146	(NAG,GEN,NCOM)
data_147	(NAG,NGEN,NCOM)
data_148	(NAG,NGEN,NCOM)
data_149	(NAG,NGEN,NCOM)
data_150	(NAG,NGEN,NCOM)
data_151	(NAG,NGEN,NCOM)
data_152	(NAG,NGEN,NCOM)
data_153	(CAG,NGEN,NCOM)
data_154	(NAG,NGEN,NCOM)
data_155	(CAG,NGEN,NCOM)
data_156	(CAG,NGEN,COM)
data_157	(OAG,NGEN,COM)
data_158	(CAG,NGEN,NCOM)
data_159	(CAG,GEN,NCOM)
data_160	(NAG,NGEN,NCOM)
data_161	(OAG,GEN,NCOM)
data_162	(NAG,NGEN,NCOM)
data_163	(OAG,GEN,NCOM)
data_164	(CAG,NGEN,NCOM)
data_165	(CAG,NGEN,NCOM)
data_166	(OAG,NGEN,COM)
data_167	(OAG,GEN,NCOM)
data_168	(OAG,GEN,NCOM)
data_169	(CAG,NGEN,NCOM)
data_170	(OAG,GEN,NCOM)
data_171	(NAG,NGEN,NCOM)
data_172	(CAG,NGEN,NCOM)
data_173	(NAG,NGEN,NCOM)
data_174	(CAG,NGEN,COM)
data_175	(OAG,GEN,NCOM)
data_176	(OAG,GEN,NCOM)
data_177	(NAG,NGEN,NCOM)
data_178	(CAG,NGEN,NCOM)
data_179	(CAG,NGEN,NCOM)
data_180	(OAG,NGEN,NCOM)
data_181	(NAG,NGEN,NCOM)
data_182	(NAG,NGEN,NCOM)
data_183	(NAG,NGEN,NCOM)
data_184	(CAG,GEN,NCOM)
data_185	(OAG,NGEN,NCOM)
data_186	(NAG,NGEN,NCOM)
data_187	(OAG,NGEN,NCOM)
data_188	(OAG,GEN,NCOM)
data_189	(NAG,NGEN,NCOM)
data_190	(CAG,NGEN,NCOM)
data_191	(NAG,NGEN,NCOM)
data_192	(CAG,GEN,NCOM)
data_193	(OAG,GEN,NCOM)
data_194	(CAG,NGEN,NCOM)
data_195	(CAG,NGEN,NCOM)
data_196	(OAG,NGEN,NCOM)
data_197	(OAG,NGEN,COM)
data_198	(NAG,NGEN,NCOM)
data_199	(NAG,NGEN,NCOM)
data_200	(OAG,GEN,NCOM)
data_201	(NAG,NGEN,NCOM)
data_202	(OAG,GEN,NCOM)
data_203	(OAG,GEN,NCOM)
data_204	(OAG,NGEN,COM)
data_205	(NAG,NGEN,NCOM)
data_206	(NAG,NGEN,NCOM)
data_207	(NAG,GEN,NCOM)
data_208	(OAG,GEN,NCOM)
data_209	(OAG,GEN,COM)
data_210	(NAG,GEN,NCOM)
data_211	(OAG,GEN,NCOM)
data_212	(OAG,NGEN,NCOM)
data_213	(CAG,NGEN,NCOM)
data_214	(NAG,NGEN,NCOM)
data_215	(NAG,NGEN,NCOM)
data_216	(NAG,NGEN,NCOM)
data_217	(OAG,GEN,NCOM)
data_218	(OAG,NGEN,COM)
data_219	(OAG,GEN,NCOM)
data_220	(NAG,NGEN,NCOM)
data_221	(NAG,NGEN,COM)
data_222	(OAG,GEN,NCOM)
data_223	(NAG,GEN,NCOM)
data_224	(OAG,GEN,NCOM)
data_225	(NAG,NGEN,NCOM)
data_226	(NAG,NGEN,NCOM)
data_227	(OAG,GEN,NCOM)
data_228	(NAG,NGEN,NCOM)
data_229	(CAG,NGEN,NCOM)
data_230	(OAG,GEN,NCOM)
data_231	(NAG,NGEN,NCOM)
data_232	(OAG,GEN,COM)
data_233	(CAG,NGEN,COM)
data_234	(OAG,NGEN,NCOM)
data_235	(OAG,GEN,NCOM)
data_236	(CAG,GEN,NCOM)
data_237	(OAG,GEN,NCOM)
data_238	(NAG,NGEN,NCOM)
data_239	(OAG,NGEN,NCOM)
data_240	(NAG,GEN,NCOM)
data_241	(NAG,NGEN,NCOM)
data_242	(CAG,GEN,NCOM)
data_243	(NAG,GEN,NCOM)
data_244	(OAG,NGEN,COM)
data_245	(NAG,NGEN,NCOM)
data_246	(CAG,NGEN,NCOM)
data_247	(OAG,GEN,NCOM)
data_248	(CAG,GEN,NCOM)
data_249	(NAG,NGEN,NCOM)
data_250	(CAG,NGEN,NCOM)
data_251	(NAG,NGEN,NCOM)
data_252	(OAG,NGEN,NCOM)
data_253	(OAG,GEN,NCOM)
data_254	(OAG,NGEN,NCOM)
data_255	(NAG,NGEN,NCOM)
data_256	(CAG,GEN,NCOM)
data_257	(OAG,GEN,NCOM)
data_258	(NAG,NGEN,NCOM)
data_259	(OAG,GEN,NCOM)
data_260	(NAG,GEN,NCOM)
data_261	(CAG,NGEN,NCOM)
data_262	(OAG,NGEN,COM)
data_263	(OAG,GEN,NCOM)
data_264	(OAG,NGEN,NCOM)
data_265	(OAG,GEN,NCOM)
data_266	(CAG,NGEN,NCOM)
data_267	(OAG,GEN,NCOM)
data_268	(OAG,GEN,NCOM)
data_269	(NAG,NGEN,NCOM)
data_270	(CAG,GEN,NCOM)
data_271	(OAG,GEN,NCOM)
data_272	(NAG,NGEN,NCOM)
data_273	(OAG,GEN,NCOM)
data_274	(NAG,GEN,NCOM)
data_275	(OAG,GEN,NCOM)
data_276	(NAG,NGEN,NCOM)
data_277	(NAG,GEN,NCOM)
data_278	(NAG,GEN,COM)
data_279	(OAG,GEN,NCOM)
data_280	(NAG,NGEN,NCOM)
data_281	(NAG,NGEN,NCOM)
data_282	(NAG,NGEN,NCOM)
data_283	(NAG,GEN,NCOM)
data_284	(OAG,GEN,NCOM)
data_285	(OAG,NGEN,NCOM)
data_286	(NAG,NGEN,NCOM)
data_287	(NAG,NGEN,NCOM)
data_288	(NAG,NGEN,NCOM)
data_289	(CAG,NGEN,NCOM)
data_290	(CAG,NGEN,NCOM)
data_291	(OAG,NGEN,NCOM)
data_292	(OAG,GEN,NCOM)
data_293	(NAG,NGEN,NCOM)
data_294	(CAG,GEN,COM)
data_295	(NAG,NGEN,NCOM)
data_296	(CAG,GEN,NCOM)
data_297	(OAG,GEN,NCOM)
data_298	(NAG,NGEN,NCOM)
data_299	(OAG,GEN,NCOM)
data_300	(OAG,NGEN,NCOM)
data_301	(NAG,GEN,NCOM)
data_302	(CAG,NGEN,NCOM)
data_303	(NAG,NGEN,NCOM)
data_304	(OAG,NGEN,NCOM)
data_305	(NAG,NGEN,NCOM)
data_306	(CAG,NGEN,NCOM)
data_307	(NAG,NGEN,NCOM)
data_308	(OAG,GEN,NCOM)
data_309	(CAG,NGEN,NCOM)
data_310	(NAG,GEN,NCOM)
data_311	(CAG,NGEN,NCOM)
data_312	(OAG,NGEN,NCOM)
data_313	(OAG,GEN,NCOM)
data_314	(CAG,GEN,COM)
data_315	(OAG,GEN,NCOM)
data_316	(OAG,GEN,NCOM)
data_317	(CAG,GEN,NCOM)
data_318	(CAG,GEN,NCOM)
data_319	(OAG,GEN,NCOM)
data_320	(NAG,NGEN,NCOM)
data_321	(CAG,NGEN,NCOM)
data_322	(CAG,GEN,NCOM)
data_323	(CAG,NGEN,NCOM)
data_324	(OAG,GEN,NCOM)
data_325	(OAG,NGEN,NCOM)
data_326	(OAG,GEN,NCOM)
data_327	(CAG,NGEN,NCOM)
data_328	(CAG,NGEN,COM)
data_329	(CAG,GEN,NCOM)
data_330	(OAG,NGEN,COM)
data_331	(OAG,GEN,NCOM)
data_332	(NAG,NGEN,NCOM)
data_333	(NAG,NGEN,NCOM)
data_334	(CAG,GEN,NCOM)
data_335	(OAG,GEN,NCOM)
data_336	(NAG,NGEN,NCOM)
data_337	(NAG,NGEN,NCOM)
data_338	(NAG,GEN,NCOM)
data_339	(OAG,NGEN,COM)
data_340	(CAG,GEN,NCOM)
data_341	(NAG,NGEN,NCOM)
data_342	(NAG,NGEN,NCOM)
data_343	(NAG,NGEN,NCOM)
data_344	(CAG,NGEN,NCOM)
data_345	(CAG,NGEN,NCOM)
data_346	(NAG,NGEN,NCOM)
data_347	(OAG,GEN,NCOM)
data_348	(OAG,GEN,NCOM)
data_349	(NAG,NGEN,NCOM)
data_350	(NAG,NGEN,NCOM)
data_351	(OAG,GEN,NCOM)
data_352	(OAG,GEN,NCOM)
data_353	(CAG,NGEN,NCOM)
data_354	(NAG,GEN,NCOM)
data_355	(NAG,NGEN,COM)
data_356	(CAG,NGEN,NCOM)
data_357	(NAG,GEN,NCOM)
data_358	(OAG,GEN,NCOM)
data_359	(OAG,NGEN,NCOM)
data_360	(OAG,GEN,NCOM)
data_361	(NAG,NGEN,NCOM)
data_362	(OAG,GEN,NCOM)
data_363	(NAG,NGEN,NCOM)
data_364	(OAG,GEN,NCOM)
data_365	(CAG,NGEN,NCOM)
data_366	(OAG,GEN,NCOM)
data_367	(NAG,NGEN,NCOM)
data_368	(NAG,NGEN,NCOM)
data_369	(NAG,NGEN,NCOM)
data_370	(NAG,NGEN,NCOM)
data_371	(CAG,GEN,NCOM)
data_372	(NAG,NGEN,NCOM)
data_373	(NAG,NGEN,NCOM)
data_374	(NAG,NGEN,NCOM)
data_375	(NAG,NGEN,NCOM)
data_376	(NAG,NGEN,NCOM)
data_377	(CAG,NGEN,NCOM)
data_378	(NAG,NGEN,NCOM)
data_379	(OAG,GEN,NCOM)
data_380	(NAG,GEN,NCOM)
data_381	(CAG,GEN,NCOM)
data_382	(NAG,NGEN,NCOM)
data_383	(CAG,GEN,NCOM)
data_384	(NAG,NGEN,NCOM)
data_385	(OAG,GEN,NCOM)
data_386	(NAG,NGEN,NCOM)
data_387	(OAG,GEN,NCOM)
data_388	(OAG,NGEN,COM)
data_389	(NAG,NGEN,NCOM)
data_390	(OAG,NGEN,NCOM)
data_391	(OAG,NGEN,NCOM)
data_392	(NAG,GEN,NCOM)
data_393	(NAG,NGEN,NCOM)
data_394	(CAG,GEN,NCOM)
data_395	(CAG,NGEN,NCOM)
data_396	(CAG,NGEN,NCOM)
data_397	(OAG,GEN,NCOM)
data_398	(NAG,NGEN,COM)
data_399	(NAG,GEN,NCOM)
data_400	(CAG,NGEN,NCOM)
data_401	(OAG,GEN,NCOM)
data_402	(NAG,NGEN,NCOM)
data_403	(OAG,NGEN,NCOM)
data_404	(OAG,GEN,NCOM)
data_405	(OAG,NGEN,NCOM)
data_406	(OAG,GEN,NCOM)
data_407	(CAG,NGEN,NCOM)
data_408	(CAG,NGEN,NCOM)
data_409	(NAG,NGEN,COM)
data_410	(NAG,NGEN,NCOM)
data_411	(CAG,NGEN,NCOM)
data_412	(CAG,NGEN,NCOM)
data_413	(CAG,NGEN,NCOM)
data_414	(CAG,GEN,NCOM)
data_415	(OAG,GEN,NCOM)
data_416	(OAG,GEN,NCOM)
data_417	(OAG,GEN,NCOM)
data_418	(NAG,GEN,NCOM)
data_419	(OAG,NGEN,NCOM)
data_420	(CAG,NGEN,NCOM)
data_421	(OAG,GEN,NCOM)
data_422	(NAG,NGEN,COM)
data_423	(CAG,NGEN,NCOM)
data_424	(NAG,NGEN,COM)
data_425	(OAG,GEN,NCOM)
data_426	(NAG,NGEN,NCOM)
data_427	(OAG,GEN,NCOM)
data_428	(OAG,GEN,NCOM)
data_429	(OAG,GEN,NCOM)
data_430	(CAG,NGEN,NCOM)
data_431	(OAG,GEN,NCOM)
data_432	(OAG,GEN,NCOM)
data_433	(NAG,NGEN,NCOM)
data_434	(NAG,NGEN,NCOM)
data_435	(CAG,NGEN,NCOM)
data_436	(OAG,GEN,NCOM)
data_437	(NAG,NGEN,NCOM)
data_438	(OAG,NGEN,NCOM)
data_439	(OAG,NGEN,COM)
data_440	(CAG,NGEN,NCOM)
data_441	(OAG,GEN,NCOM)
data_442	(CAG,NGEN,NCOM)
data_443	(OAG,GEN,NCOM)
data_444	(OAG,GEN,NCOM)
data_445	(OAG,GEN,NCOM)
data_446	(OAG,GEN,NCOM)
data_447	(NAG,NGEN,NCOM)
data_448	(NAG,NGEN,NCOM)
data_449	(NAG,NGEN,NCOM)
data_450	(OAG,GEN,NCOM)
data_451	(OAG,NGEN,NCOM)
data_452	(NAG,GEN,NCOM)
data_453	(OAG,GEN,NCOM)
data_454	(NAG,NGEN,NCOM)
data_455	(OAG,GEN,NCOM)
data_456	(NAG,NGEN,NCOM)
data_457	(OAG,NGEN,COM)
data_458	(CAG,NGEN,NCOM)
data_459	(NAG,GEN,NCOM)
data_460	(OAG,GEN,NCOM)
data_461	(CAG,NGEN,NCOM)
data_462	(CAG,GEN,NCOM)
data_463	(CAG,GEN,NCOM)
data_464	(NAG,GEN,NCOM)
data_465	(OAG,GEN,NCOM)
data_466	(NAG,NGEN,NCOM)
data_467	(OAG,GEN,NCOM)
data_468	(OAG,NGEN,NCOM)
data_469	(OAG,GEN,NCOM)
data_470	(CAG,GEN,NCOM)
data_471	(CAG,NGEN,NCOM)
data_472	(NAG,NGEN,NCOM)
data_473	(OAG,NGEN,COM)
data_474	(OAG,NGEN,NCOM)
data_475	(NAG,NGEN,NCOM)
data_476	(OAG,GEN,NCOM)
data_477	(CAG,GEN,NCOM)
data_478	(OAG,NGEN,NCOM)
data_479	(NAG,NGEN,NCOM)
data_480	(NAG,NGEN,NCOM)
data_481	(NAG,NGEN,NCOM)
data_482	(CAG,NGEN,NCOM)
data_483	(NAG,NGEN,NCOM)
data_484	(NAG,NGEN,NCOM)
data_485	(NAG,GEN,COM)
data_486	(OAG,GEN,NCOM)
data_487	(OAG,GEN,NCOM)
data_488	(NAG,NGEN,NCOM)
data_489	(CAG,NGEN,NCOM)
data_490	(NAG,NGEN,NCOM)
data_491	(NAG,NGEN,NCOM)
data_492	(CAG,NGEN,NCOM)
data_493	(NAG,NGEN,NCOM)
data_494	(OAG,NGEN,NCOM)
data_495	(OAG,NGEN,NCOM)
data_496	(CAG,NGEN,NCOM)
data_497	(OAG,GEN,NCOM)
data_498	(OAG,GEN,NCOM)
data_499	(OAG,GEN,NCOM)
data_500	(CAG,NGEN,COM)
data_501	(OAG,NGEN,NCOM)
data_502	(OAG,GEN,NCOM)
data_503	(OAG,GEN,NCOM)
data_504	(OAG,NGEN,COM)
data_505	(OAG,NGEN,NCOM)
data_506	(NAG,NGEN,NCOM)
data_507	(OAG,NGEN,COM)
data_508	(NAG,NGEN,NCOM)
data_509	(NAG,NGEN,NCOM)
data_510	(CAG,GEN,NCOM)
data_511	(NAG,GEN,NCOM)
data_512	(OAG,GEN,NCOM)
data_513	(NAG,NGEN,COM)
data_514	(NAG,NGEN,NCOM)
data_515	(CAG,NGEN,NCOM)
data_516	(OAG,NGEN,COM)
data_517	(OAG,GEN,NCOM)
data_518	(NAG,NGEN,NCOM)
data_519	(OAG,NGEN,NCOM)
data_520	(NAG,NGEN,NCOM)
data_521	(OAG,GEN,NCOM)
data_522	(OAG,GEN,NCOM)
data_523	(OAG,GEN,NCOM)
data_524	(NAG,NGEN,NCOM)
data_525	(OAG,GEN,NCOM)
data_526	(OAG,NGEN,COM)
data_527	(CAG,GEN,NCOM)
data_528	(NAG,NGEN,NCOM)
data_529	(OAG,NGEN,NCOM)
data_530	(NAG,GEN,NCOM)
data_531	(OAG,NGEN,NCOM)
data_532	(OAG,NGEN,COM)
data_533	(OAG,GEN,NCOM)
data_534	(NAG,NGEN,NCOM)
data_535	(NAG,NGEN,NCOM)
data_536	(OAG,GEN,NCOM)
data_537	(OAG,GEN,NCOM)
data_538	(CAG,NGEN,COM)
data_539	(CAG,NGEN,NCOM)
data_540	(OAG,GEN,NCOM)
data_541	(NAG,NGEN,NCOM)
data_542	(NAG,NGEN,NCOM)
data_543	(NAG,NGEN,NCOM)
data_544	(CAG,NGEN,NCOM)
data_545	(CAG,NGEN,NCOM)
data_546	(OAG,GEN,NCOM)
data_547	(OAG,GEN,NCOM)
data_548	(OAG,GEN,NCOM)
data_549	(OAG,NGEN,NCOM)
data_550	(NAG,NGEN,NCOM)
data_551	(OAG,GEN,NCOM)
data_552	(CAG,GEN,NCOM)
data_553	(OAG,GEN,NCOM)
data_554	(OAG,GEN,NCOM)
data_555	(NAG,NGEN,NCOM)
data_556	(NAG,NGEN,NCOM)
data_557	(NAG,NGEN,NCOM)
data_558	(OAG,NGEN,COM)
data_559	(OAG,NGEN,COM)
data_560	(NAG,NGEN,NCOM)
data_561	(OAG,GEN,NCOM)
data_562	(CAG,NGEN,NCOM)
data_563	(CAG,NGEN,NCOM)
data_564	(NAG,NGEN,NCOM)
data_565	(NAG,NGEN,NCOM)
data_566	(OAG,GEN,NCOM)
data_567	(CAG,NGEN,NCOM)
data_568	(CAG,NGEN,NCOM)
data_569	(OAG,GEN,NCOM)
data_570	(CAG,GEN,NCOM)
data_571	(OAG,GEN,NCOM)
data_572	(OAG,GEN,NCOM)
data_573	(OAG,GEN,NCOM)
data_574	(OAG,GEN,NCOM)
data_575	(NAG,GEN,NCOM)
data_576	(NAG,NGEN,NCOM)
data_577	(OAG,NGEN,NCOM)
data_578	(NAG,NGEN,COM)
data_579	(CAG,GEN,NCOM)
data_580	(OAG,GEN,NCOM)
data_581	(NAG,NGEN,COM)
data_582	(NAG,NGEN,NCOM)
data_583	(OAG,GEN,NCOM)
data_584	(NAG,NGEN,NCOM)
data_585	(OAG,NGEN,COM)
data_586	(NAG,NGEN,NCOM)
data_587	(CAG,NGEN,NCOM)
data_588	(NAG,GEN,NCOM)
data_589	(OAG,NGEN,NCOM)
data_590	(NAG,NGEN,NCOM)
data_591	(OAG,GEN,NCOM)
data_592	(OAG,GEN,NCOM)
data_593	(CAG,NGEN,NCOM)
data_594	(NAG,GEN,NCOM)
data_595	(NAG,NGEN,NCOM)
data_596	(OAG,GEN,NCOM)
data_597	(NAG,NGEN,NCOM)
data_598	(OAG,NGEN,NCOM)
data_599	(OAG,NGEN,NCOM)
data_600	(CAG,NGEN,NCOM)
data_601	(OAG,GEN,NCOM)
data_602	(NAG,NGEN,NCOM)
data_603	(OAG,GEN,NCOM)
data_604	(NAG,NGEN,NCOM)
data_605	(OAG,GEN,NCOM)
data_606	(CAG,NGEN,COM)
data_607	(OAG,GEN,NCOM)
data_608	(OAG,GEN,NCOM)
data_609	(OAG,GEN,NCOM)
data_610	(OAG,NGEN,NCOM)
data_611	(NAG,NGEN,COM)
data_612	(CAG,NGEN,NCOM)
data_613	(OAG,GEN,NCOM)
data_614	(OAG,GEN,NCOM)
data_615	(OAG,GEN,NCOM)
data_616	(NAG,NGEN,NCOM)
data_617	(OAG,GEN,NCOM)
data_618	(NAG,NGEN,NCOM)
data_619	(OAG,GEN,NCOM)
data_620	(OAG,GEN,NCOM)
data_621	(CAG,NGEN,NCOM)
data_622	(OAG,GEN,NCOM)
data_623	(NAG,NGEN,NCOM)
data_624	(OAG,NGEN,NCOM)
data_625	(CAG,NGEN,COM)
data_626	(OAG,NGEN,NCOM)
data_627	(CAG,NGEN,NCOM)
data_628	(OAG,GEN,NCOM)
data_629	(OAG,GEN,NCOM)
data_630	(OAG,GEN,NCOM)
data_631	(NAG,NGEN,NCOM)
data_632	(OAG,NGEN,NCOM)
data_633	(NAG,NGEN,NCOM)
data_634	(CAG,NGEN,NCOM)
data_635	(CAG,NGEN,NCOM)
data_636	(OAG,NGEN,NCOM)
data_637	(NAG,NGEN,NCOM)
data_638	(OAG,GEN,NCOM)
data_639	(CAG,GEN,NCOM)
data_640	(OAG,GEN,NCOM)
data_641	(NAG,NGEN,NCOM)
data_642	(CAG,NGEN,NCOM)
data_643	(NAG,NGEN,NCOM)
data_644	(NAG,NGEN,NCOM)
data_645	(NAG,NGEN,NCOM)
data_646	(NAG,GEN,NCOM)
data_647	(NAG,NGEN,NCOM)
data_648	(NAG,NGEN,NCOM)
data_649	(NAG,NGEN,NCOM)
data_650	(NAG,NGEN,NCOM)
data_651	(NAG,NGEN,NCOM)
data_652	(NAG,NGEN,NCOM)
data_653	(CAG,NGEN,NCOM)
data_654	(NAG,NGEN,NCOM)
data_655	(CAG,NGEN,NCOM)
data_656	(CAG,NGEN,COM)
data_657	(OAG,NGEN,COM)
data_658	(CAG,NGEN,NCOM)
data_659	(CAG,GEN,NCOM)
data_660	(NAG,NGEN,NCOM)
data_661	(OAG,GEN,NCOM)
data_662	(NAG,NGEN,NCOM)
data_663	(OAG,GEN,NCOM)
data_664	(CAG,NGEN,NCOM)
data_665	(CAG,NGEN,NCOM)
data_666	(OAG,NGEN,COM)
data_667	(OAG,GEN,NCOM)
data_668	(OAG,GEN,NCOM)
data_669	(CAG,NGEN,NCOM)
data_670	(OAG,GEN,NCOM)
data_671	(NAG,NGEN,NCOM)
data_672	(CAG,NGEN,NCOM)
data_673	(NAG,NGEN,NCOM)
data_674	(CAG,NGEN,COM)
data_675	(OAG,GEN,NCOM)
data_676	(OAG,GEN,NCOM)
data_677	(NAG,NGEN,NCOM)
data_678	(CAG,NGEN,NCOM)
data_679	(CAG,NGEN,NCOM)
data_680	(OAG,NGEN,NCOM)
data_681	(NAG,NGEN,NCOM)
data_682	(NAG,NGEN,NCOM)
data_683	(NAG,NGEN,NCOM)
data_684	(CAG,GEN,NCOM)
data_685	(OAG,NGEN,NCOM)
data_686	(NAG,NGEN,NCOM)
data_687	(OAG,NGEN,NCOM)
data_688	(OAG,GEN,NCOM)
data_689	(NAG,NGEN,NCOM)
data_690	(CAG,NGEN,NCOM)
data_691	(NAG,NGEN,NCOM)
data_692	(CAG,GEN,NCOM)
data_693	(OAG,GEN,NCOM)
data_694	(CAG,NGEN,NCOM)
data_695	(CAG,NGEN,NCOM)
data_696	(OAG,NGEN,NCOM)
data_697	(OAG,NGEN,COM)
data_698	(NAG,NGEN,NCOM)
data_699	(NAG,NGEN,NCOM)
data_700	(OAG,GEN,NCOM)
data_701	(NAG,NGEN,NCOM)
data_702	(OAG,GEN,NCOM)
data_703	(OAG,GEN,NCOM)
data_704	(OAG,NGEN,COM)
data_705	(NAG,NGEN,NCOM)
data_706	(NAG,NGEN,NCOM)
data_707	(NAG,GEN,NCOM)
data_708	(OAG,GEN,NCOM)
data_709	(OAG,GEN,COM)
data_710	(NAG,GEN,NCOM)
data_711	(OAG,GEN,NCOM)
data_712	(OAG,NGEN,NCOM)
data_713	(CAG,NGEN,NCOM)
data_714	(NAG,NGEN,NCOM)
data_715	(NAG,NGEN,NCOM)
data_716	(NAG,NGEN,NCOM)
data_717	(OAG,GEN,NCOM)
data_718	(OAG,NGEN,COM)
data_719	(OAG,GEN,NCOM)
data_720	(NAG,NGEN,NCOM)
data_721	(NAG,NGEN,COM)
data_722	(OAG,GEN,NCOM)
data_723	(NAG,GEN,NCOM)
data_724	(OAG,GEN,NCOM)
data_725	(NAG,NGEN,NCOM)
data_726	(NAG,NGEN,NCOM)
data_727	(OAG,GEN,NCOM)
data_728	(NAG,NGEN,NCOM)
data_729	(CAG,NGEN,NCOM)
data_730	(OAG,GEN,NCOM)
data_731	(NAG,NGEN,NCOM)
data_732	(OAG,GEN,COM)
data_733	(CAG,NGEN,COM)
data_734	(OAG,NGEN,NCOM)
data_735	(OAG,GEN,NCOM)
data_736	(CAG,GEN,NCOM)
data_737	(OAG,GEN,NCOM)
data_738	(NAG,NGEN,NCOM)
data_739	(OAG,NGEN,NCOM)
data_740	(NAG,GEN,NCOM)
data_741	(NAG,NGEN,NCOM)
data_742	(CAG,GEN,NCOM)
data_743	(NAG,GEN,NCOM)
data_744	(OAG,NGEN,COM)
data_745	(NAG,NGEN,NCOM)
data_746	(CAG,NGEN,NCOM)
data_747	(OAG,GEN,NCOM)
data_748	(CAG,GEN,NCOM)
data_749	(NAG,NGEN,NCOM)
data_750	(CAG,NGEN,NCOM)
data_751	(NAG,NGEN,NCOM)
data_752	(OAG,NGEN,NCOM)
data_753	(OAG,GEN,NCOM)
data_754	(OAG,NGEN,NCOM)
data_755	(NAG,NGEN,NCOM)
data_756	(CAG,GEN,NCOM)
data_757	(OAG,GEN,NCOM)
data_758	(NAG,NGEN,NCOM)
data_759	(OAG,GEN,NCOM)
data_760	(NAG,GEN,NCOM)
data_761	(CAG,NGEN,NCOM)
data_762	(OAG,NGEN,COM)
data_763	(OAG,GEN,NCOM)
data_764	(OAG,NGEN,NCOM)
data_765	(OAG,GEN,NCOM)
data_766	(CAG,NGEN,NCOM)
data_767	(OAG,GEN,NCOM)
data_768	(OAG,GEN,NCOM)
data_769	(NAG,NGEN,NCOM)
data_770	(CAG,GEN,NCOM)
data_771	(OAG,GEN,NCOM)
data_772	(NAG,NGEN,NCOM)
data_773	(OAG,GEN,NCOM)
data_774	(NAG,GEN,NCOM)
data_775	(OAG,GEN,NCOM)
data_776	(NAG,NGEN,NCOM)
data_777	(NAG,GEN,NCOM)
data_778	(NAG,GEN,COM)
data_779	(OAG,GEN,NCOM)
data_780	(NAG,NGEN,NCOM)
data_781	(NAG,NGEN,NCOM)
data_782	(NAG,NGEN,NCOM)
data_783	(NAG,GEN,NCOM)
data_784	(OAG,GEN,NCOM)
data_785	(OAG,NGEN,NCOM)
data_786	(NAG,NGEN,NCOM)
data_787	(NAG,NGEN,NCOM)
data_788	(NAG,NGEN,NCOM)
data_789	(CAG,NGEN,NCOM)
data_790	(CAG,NGEN,NCOM)
data_791	(OAG,NGEN,NCOM)
data_792	(OAG,GEN,NCOM)
data_793	(NAG,NGEN,NCOM)
data_794	(CAG,GEN,COM)
data_795	(NAG,NGEN,NCOM)
data_796	(CAG,GEN,NCOM)
data_797	(OAG,GEN,NCOM)
data_798	(NAG,NGEN,NCOM)
data_799	(OAG,GEN,NCOM)
data_800	(OAG,NGEN,NCOM)
data_801	(NAG,GEN,NCOM)
data_802	(CAG,NGEN,NCOM)
data_803	(NAG,NGEN,NCOM)
data_804	(OAG,NGEN,NCOM)
data_805	(NAG,NGEN,NCOM)
data_806	(CAG,NGEN,NCOM)
data_807	(NAG,NGEN,NCOM)
data_808	(OAG,GEN,NCOM)
data_809	(CAG,NGEN,NCOM)
data_810	(NAG,GEN,NCOM)
data_811	(CAG,NGEN,NCOM)
data_812	(OAG,NGEN,NCOM)
data_813	(OAG,GEN,NCOM)
data_814	(CAG,GEN,COM)
data_815	(OAG,GEN,NCOM)
data_816	(OAG,GEN,NCOM)
data_817	(CAG,GEN,NCOM)
data_818	(CAG,GEN,NCOM)
data_819	(OAG,GEN,NCOM)
data_820	(NAG,NGEN,NCOM)
data_821	(CAG,NGEN,NCOM)
data_822	(CAG,GEN,NCOM)
data_823	(CAG,NGEN,NCOM)
data_824	(OAG,GEN,NCOM)
data_825	(OAG,NGEN,NCOM)
data_826	(OAG,GEN,NCOM)
data_827	(CAG,NGEN,NCOM)
data_828	(CAG,NGEN,COM)
data_829	(CAG,GEN,NCOM)
data_830	(OAG,NGEN,COM)
data_831	(OAG,GEN,NCOM)
data_832	(NAG,NGEN,NCOM)
data_833	(NAG,NGEN,NCOM)
data_834	(CAG,GEN,NCOM)
data_835	(OAG,GEN,NCOM)
data_836	(NAG,NGEN,NCOM)
data_837	(NAG,NGEN,NCOM)
data_838	(NAG,GEN,NCOM)
data_839	(OAG,NGEN,COM)
data_840	(CAG,GEN,NCOM)
data_841	(NAG,NGEN,NCOM)
data_842	(NAG,NGEN,NCOM)
data_843	(NAG,NGEN,NCOM)
data_844	(CAG,NGEN,NCOM)
data_845	(CAG,NGEN,NCOM)
data_846	(NAG,NGEN,NCOM)
data_847	(OAG,GEN,NCOM)
data_848	(OAG,GEN,NCOM)
data_849	(NAG,NGEN,NCOM)
data_850	(NAG,NGEN,NCOM)
data_851	(OAG,GEN,NCOM)
data_852	(OAG,GEN,NCOM)
data_853	(CAG,NGEN,NCOM)
data_854	(NAG,GEN,NCOM)
data_855	(NAG,NGEN,COM)
data_856	(CAG,NGEN,NCOM)
data_857	(NAG,GEN,NCOM)
data_858	(OAG,GEN,NCOM)
data_859	(OAG,NGEN,NCOM)
data_860	(OAG,GEN,NCOM)
data_861	(NAG,NGEN,NCOM)
data_862	(OAG,GEN,NCOM)
data_863	(NAG,NGEN,NCOM)
data_864	(OAG,GEN,NCOM)
data_865	(CAG,NGEN,NCOM)
data_866	(OAG,GEN,NCOM)
data_867	(NAG,NGEN,NCOM)
data_868	(NAG,NGEN,NCOM)
data_869	(NAG,NGEN,NCOM)
data_870	(NAG,NGEN,NCOM)
data_871	(CAG,GEN,NCOM)
data_872	(NAG,NGEN,NCOM)
data_873	(NAG,NGEN,NCOM)
data_874	(NAG,NGEN,NCOM)
data_875	(NAG,NGEN,NCOM)
data_876	(NAG,NGEN,NCOM)
data_877	(CAG,NGEN,NCOM)
data_878	(NAG,NGEN,NCOM)
data_879	(OAG,GEN,NCOM)
data_880	(NAG,GEN,NCOM)
data_881	(CAG,GEN,NCOM)
data_882	(NAG,NGEN,NCOM)
data_883	(CAG,GEN,NCOM)
data_884	(NAG,NGEN,NCOM)
data_885	(OAG,GEN,NCOM)
data_886	(NAG,NGEN,NCOM)
data_887	(OAG,GEN,NCOM)
data_888	(OAG,NGEN,COM)
data_889	(NAG,NGEN,NCOM)
data_890	(OAG,NGEN,NCOM)
data_891	(OAG,NGEN,NCOM)
data_892	(NAG,GEN,NCOM)
data_893	(NAG,NGEN,NCOM)
data_894	(CAG,GEN,NCOM)
data_895	(CAG,NGEN,NCOM)
data_896	(CAG,NGEN,NCOM)
data_897	(OAG,GEN,NCOM)
data_898	(NAG,NGEN,COM)
data_899	(NAG,GEN,NCOM)
data_900	(CAG,NGEN,NCOM)
data_901	(OAG,GEN,NCOM)
data_902	(NAG,NGEN,NCOM)
data_903	(OAG,NGEN,NCOM)
data_904	(OAG,GEN,NCOM)
data_905	(OAG,NGEN,NCOM)
data_906	(OAG,GEN,NCOM)
data_907	(CAG,NGEN,NCOM)
data_908	(CAG,NGEN,NCOM)
data_909	(NAG,NGEN,COM)
data_910	(NAG,NGEN,NCOM)
data_911	(CAG,NGEN,NCOM)
data_912	(CAG,NGEN,NCOM)
data_913	(CAG,NGEN,NCOM)
data_914	(CAG,GEN,NCOM)
data_915	(OAG,GEN,NCOM)
data_916	(OAG,GEN,NCOM)
data_917	(OAG,GEN,NCOM)
data_918	(NAG,GEN,NCOM)
data_919	(OAG,NGEN,NCOM)
data_920	(CAG,NGEN,NCOM)
data_921	(OAG,GEN,NCOM)
data_922	(NAG,NGEN,COM)
data_923	(CAG,NGEN,NCOM)
data_924	(NAG,NGEN,COM)
data_925	(OAG,GEN,NCOM)
data_926	(NAG,NGEN,NCOM)
data_927	(OAG,GEN,NCOM)
data_928	(OAG,GEN,NCOM)
data_929	(OAG,GEN,NCOM)
data_930	(CAG,NGEN,NCOM)
data_931	(OAG,GEN,NCOM)
data_932	(OAG,GEN,NCOM)
data_933	(NAG,NGEN,NCOM)
data_934	(NAG,NGEN,NCOM)
data_935	(CAG,NGEN,NCOM)
data_936	(OAG,GEN,NCOM)
data_937	(NAG,NGEN,NCOM)
data_938	(OAG,NGEN,NCOM)
data_939	(OAG,NGEN,COM)
data_940	(CAG,NGEN,NCOM)
data_941	(OAG,GEN,NCOM)
data_942	(CAG,NGEN,NCOM)
data_943	(OAG,GEN,NCOM)
data_944	(OAG,GEN,NCOM)
data_945	(OAG,GEN,NCOM)
data_946	(OAG,GEN,NCOM)
data_947	(NAG,NGEN,NCOM)
data_948	(NAG,NGEN,NCOM)
data_949	(NAG,NGEN,NCOM)
data_950	(OAG,GEN,NCOM)
data_951	(OAG,NGEN,NCOM)
data_952	(NAG,GEN,NCOM)
data_953	(OAG,GEN,NCOM)
data_954	(NAG,NGEN,NCOM)
data_955	(OAG,GEN,NCOM)
data_956	(NAG,NGEN,NCOM)
data_957	(OAG,NGEN,COM)
data_958	(CAG,NGEN,NCOM)
data_959	(NAG,GEN,NCOM)
data_960	(OAG,GEN,NCOM)
data_961	(CAG,NGEN,NCOM)
data_962	(CAG,GEN,NCOM)
data_963	(CAG,GEN,NCOM)
data_964	(NAG,GEN,NCOM)
data_965	(OAG,GEN,NCOM)
data_966	(NAG,NGEN,NCOM)
data_967	(OAG,GEN,NCOM)
data_968	(OAG,NGEN,NCOM)
data_969	(OAG,GEN,NCOM)
data_970	(CAG,GEN,NCOM)
data_971	(CAG,NGEN,NCOM)
data_972	(NAG,NGEN,NCOM)
data_973	(OAG,NGEN,COM)
data_974	(OAG,NGEN,NCOM)
data_975	(NAG,NGEN,NCOM)
data_976	(OAG,GEN,NCOM)
data_977	(CAG,GEN,NCOM)
data_978	(OAG,NGEN,NCOM)
data_979	(NAG,NGEN,NCOM)
data_980	(NAG,NGEN,NCOM)
data_981	(NAG,NGEN,NCOM)
data_982	(CAG,NGEN,NCOM)
data_983	(NAG,NGEN,NCOM)
data_984	(NAG,NGEN,NCOM)
data_985	(NAG,GEN,COM)
data_986	(OAG,GEN,NCOM)
data_987	(OAG,GEN,NCOM)
data_988	(NAG,NGEN,NCOM)
data_989	(CAG,NGEN,NCOM)
data_990	(NAG,NGEN,NCOM)
data_991	(NAG,NGEN,NCOM)
data_992	(CAG,NGEN,NCOM)
data_993	(NAG,NGEN,NCOM)
data_994	(OAG,NGEN,NCOM)
data_995	(OAG,NGEN,NCOM)
data_996	(CAG,NGEN,NCOM)
data_997	(OAG,GEN,NCOM)
data_998	(OAG,GEN,NCOM)
data_999	(OAG,GEN,NCOM)
data_1000	(CAG,NGEN,COM)
data_1001	(OAG,NGEN,NCOM)
data_1002	(OAG,GEN,NCOM)
data_1003	(OAG,GEN,NCOM)
data_1004	(OAG,NGEN,COM)
data_1005	(OAG,NGEN,NCOM)
data_1006	(NAG,NGEN,NCOM)
data_1007	(OAG,NGEN,COM)
data_1008	(NAG,NGEN,NCOM)
data_1009	(NAG,NGEN,NCOM)
data_1010	(CAG,GEN,NCOM)
data_1011	(NAG,GEN,NCOM)
data_1012	(OAG,GEN,NCOM)
data_1013	(NAG,NGEN,COM)
data_1014	(NAG,NGEN,NCOM)
data_1015	(CAG,NGEN,NCOM)
data_1016	(OAG,NGEN,COM)
data_1017	(OAG,GEN,NCOM)
data_1018	(NAG,NGEN,NCOM)
data_1019	(OAG,NGEN,NCOM)
data_1020	(NAG,NGEN,NCOM)
data_1021	(OAG,GEN,NCOM)
data_1022	(OAG,GEN,NCOM)
data_1023	(OAG,GEN,NCOM)
data_1024	(NAG,NGEN,NCOM)
data_1025	(OAG,GEN,NCOM)
data_1026	(OAG,NGEN,COM)
data_1027	(CAG,GEN,NCOM)
data_1028	(NAG,NGEN,NCOM)
data_1029	(OAG,NGEN,NCOM)
data_1030	(NAG,GEN,NCOM)
data_1031	(OAG,NGEN,NCOM)
data_1032	(OAG,NGEN,COM)
data_1033	(OAG,GEN,NCOM)
data_1034	(NAG,NGEN,NCOM)
data_1035	(NAG,NGEN,NCOM)
data_1036	(OAG,GEN,NCOM)
data_1037	(OAG,GEN,NCOM)
data_1038	(CAG,NGEN,COM)
data_1039	(CAG,NGEN,NCOM)
data_1040	(OAG,GEN,NCOM)
data_1041	(NAG,NGEN,NCOM)
data_1042	(NAG,NGEN,NCOM)
data_1043	(NAG,NGEN,NCOM)
data_1044	(CAG,NGEN,NCOM)
data_1045	(CAG,NGEN,NCOM)
data_1046	(OAG,GEN,NCOM)
data_1047	(OAG,GEN,NCOM)
data_1048	(OAG,GEN,NCOM)
data_1049	(OAG,NGEN,NCOM)
data_1050	(NAG,NGEN,NCOM)
data_1051	(OAG,GEN,NCOM)
data_1052	(CAG,GEN,NCOM)
data_1053	(OAG,GEN,NCOM)
data_1054	(OAG,GEN,NCOM)
data_1055	(NAG,NGEN,NCOM)
data_1056	(NAG,NGEN,NCOM)
data_1057	(NAG,NGEN,NCOM)
data_1058	(OAG,NGEN,COM)
data_1059	(OAG,NGEN,COM)
data_1060	(NAG,NGEN,NCOM)
data_1061	(OAG,GEN,NCOM)
data_1062	(CAG,NGEN,NCOM)
data_1063	(CAG,NGEN,NCOM)
data_1064	(NAG,NGEN,NCOM)
data_1065	(NAG,NGEN,NCOM)
data_1066	(OAG,GEN,NCOM)
data_1067	(CAG,NGEN,NCOM)
data_1068	(CAG,NGEN,NCOM)
data_1069	(OAG,GEN,NCOM)
data_1070	(CAG,GEN,NCOM)
data_1071	(OAG,GEN,NCOM)
data_1072	(OAG,GEN,NCOM)
data_1073	(OAG,GEN,NCOM)
data_1074	(OAG,GEN,NCOM)
data_1075	(NAG,GEN,NCOM)
data_1076	(NAG,NGEN,NCOM)
data_1077	(OAG,NGEN,NCOM)
data_1078	(NAG,NGEN,COM)
data_1079	(CAG,GEN,NCOM)
data_1080	(OAG,GEN,NCOM)
data_1081	(NAG,NGEN,COM)
data_1082	(NAG,NGEN,NCOM)
data_1083	(OAG,GEN,NCOM)
data_1084	(NAG,NGEN,NCOM)
data_1085	(OAG,NGEN,COM)
data_1086	(NAG,NGEN,NCOM)
data_1087	(CAG,NGEN,NCOM)
data_1088	(NAG,GEN,NCOM)
data_1089	(OAG,NGEN,NCOM)
data_1090	(NAG,NGEN,NCOM)
data_1091	(OAG,GEN,NCOM)
data_1092	(OAG,GEN,NCOM)
data_1093	(CAG,NGEN,NCOM)
data_1094	(NAG,GEN,NCOM)
data_1095	(NAG,NGEN,NCOM)
data_1096	(OAG,GEN,NCOM)
data_1097	(NAG,NGEN,NCOM)
data_1098	(OAG,NGEN,NCOM)
data_1099	(OAG,NGEN,NCOM)
data_1100	(CAG,NGEN,NCOM)
data_1101	(OAG,GEN,NCOM)
data_1102	(NAG,NGEN,NCOM)
data_1103	(OAG,GEN,NCOM)
data_1104	(NAG,NGEN,NCOM)
data_1105	(OAG,GEN,NCOM)
data_1106	(CAG,NGEN,COM)
data_1107	(OAG,GEN,NCOM)
data_1108	(OAG,GEN,NCOM)
data_1109	(OAG,GEN,NCOM)
data_1110	(OAG,NGEN,NCOM)
data_1111	(NAG,NGEN,COM)
data_1112	(CAG,NGEN,NCOM)
data_1113	(OAG,GEN,NCOM)
data_1114	(OAG,GEN,NCOM)
data_1115	(OAG,GEN,NCOM)
data_1116	(NAG,NGEN,NCOM)
data_1117	(OAG,GEN,NCOM)
data_1118	(NAG,NGEN,NCOM)
data_1119	(OAG,GEN,NCOM)
data_1120	(OAG,GEN,NCOM)
data_1121	(CAG,NGEN,NCOM)
data_1122	(OAG,GEN,NCOM)
data_1123	(NAG,NGEN,NCOM)
data_1124	(OAG,NGEN,NCOM)
data_1125	(CAG,NGEN,COM)
data_1126	(OAG,NGEN,NCOM)
data_1127	(CAG,NGEN,NCOM)
data_1128	(OAG,GEN,NCOM)
data_1129	(OAG,GEN,NCOM)
data_1130	(OAG,GEN,NCOM)
data_1131	(NAG,NGEN,NCOM)
data_1132	(OAG,NGEN,NCOM)
data_1133	(NAG,NGEN,NCOM)
data_1134	(CAG,NGEN,NCOM)
data_1135	(CAG,NGEN,NCOM)
data_1136	(OAG,NGEN,NCOM)
data_1137	(NAG,NGEN,NCOM)
data_1138	(OAG,GEN,NCOM)
data_1139	(CAG,GEN,NCOM)
data_1140	(OAG,GEN,NCOM)
data_1141	(NAG,NGEN,NCOM)
data_1142	(CAG,NGEN,NCOM)
data_1143	(NAG,NGEN,NCOM)
data_1144	(NAG,NGEN,NCOM)
data_1145	(NAG,NGEN,NCOM)
data_1146	(NAG,GEN,NCOM)
data_1147	(NAG,NGEN,NCOM)
data_1148	(NAG,NGEN,NCOM)
data_1149	(NAG,NGEN,NCOM)
data_1150	(NAG,NGEN,NCOM)
data_1151	(NAG,NGEN,NCOM)
data_1152	(NAG,NGEN,NCOM)
data_1153	(CAG,NGEN,NCOM)
data_1154	(NAG,NGEN,NCOM)
data_1155	(CAG,NGEN,NCOM)
data_1156	(CAG,NGEN,COM)
data_1157	(OAG,NGEN,COM)
data_1158	(CAG,NGEN,NCOM)
data_1159	(CAG,GEN,NCOM)
data_1160	(NAG,NGEN,NCOM)
data_1161	(OAG,GEN,NCOM)
data_1162	(NAG,NGEN,NCOM)
data_1163	(OAG,GEN,NCOM)
data_1164	(CAG,NGEN,NCOM)
data_1165	(CAG,NGEN,NCOM)
data_1166	(OAG,NGEN,COM)
data_1167	(OAG,GEN,NCOM)
data_1168	(OAG,GEN,NCOM)
data_1169	(CAG,NGEN,NCOM)
data_1170	(OAG,GEN,NCOM)
data_1171	(NAG,NGEN,NCOM)
data_1172	(CAG,NGEN,NCOM)
data_1173	(NAG,NGEN,NCOM)
data_1174	(CAG,NGEN,COM)
data_1175	(OAG,GEN,NCOM)
data_1176	(OAG,GEN,NCOM)
data_1177	(NAG,NGEN,NCOM)
data_1178	(CAG,NGEN,NCOM)
data_1179	(CAG,NGEN,NCOM)
data_1180	(OAG,NGEN,NCOM)
data_1181	(NAG,NGEN,NCOM)
data_1182	(NAG,NGEN,NCOM)
data_1183	(NAG,NGEN,NCOM)
data_1184	(CAG,GEN,NCOM)
data_1185	(OAG,NGEN,NCOM)
data_1186	(NAG,NGEN,NCOM)
data_1187	(OAG,NGEN,NCOM)
data_1188	(OAG,GEN,NCOM)
data_1189	(NAG,NGEN,NCOM)
data_1190	(CAG,NGEN,NCOM)
data_1191	(NAG,NGEN,NCOM)
data_1192	(CAG,GEN,NCOM)
data_1193	(OAG,GEN,NCOM)
data_1194	(CAG,NGEN,NCOM)
data_1195	(CAG,NGEN,NCOM)
data_1196	(OAG,NGEN,NCOM)
data_1197	(OAG,NGEN,COM)
data_1198	(NAG,NGEN,NCOM)
data_1199	(NAG,NGEN,NCOM)
data_1200	(OAG,GEN,NCOM)
data_1201	(NAG,NGEN,NCOM)
data_1202	(OAG,GEN,NCOM)
data_1203	(OAG,GEN,NCOM)
data_1204	(OAG,NGEN,COM)
data_1205	(NAG,NGEN,NCOM)
data_1206	(NAG,NGEN,NCOM)
data_1207	(NAG,GEN,NCOM)
data_1208	(OAG,GEN,NCOM)
data_1209	(OAG,GEN,COM)
data_1210	(NAG,GEN,NCOM)
data_1211	(OAG,GEN,NCOM)
data_1212	(OAG,NGEN,NCOM)
data_1213	(CAG,NGEN,NCOM)
data_1214	(NAG,NGEN,NCOM)
data_1215	(NAG,NGEN,NCOM)
data_1216	(NAG,NGEN,NCOM)
data_1217	(OAG,GEN,NCOM)
data_1218	(OAG,NGEN,COM)
data_1219	(OAG,GEN,NCOM)
data_1220	(NAG,NGEN,NCOM)
data_1221	(NAG,NGEN,COM)
data_1222	(OAG,GEN,NCOM)
data_1223	(NAG,GEN,NCOM)
data_1224	(OAG,GEN,NCOM)
data_1225	(NAG,NGEN,NCOM)
data_1226	(NAG,NGEN,NCOM)
data_1227	(OAG,GEN,NCOM)
data_1228	(NAG,NGEN,NCOM)
data_1229	(CAG,NGEN,NCOM)
data_1230	(OAG,GEN,NCOM)
data_1231	(NAG,NGEN,NCOM)
data_1232	(OAG,GEN,COM)
data_1233	(CAG,NGEN,COM)
data_1234	(OAG,NGEN,NCOM)
data_1235	(OAG,GEN,NCOM)
data_1236	(CAG,GEN,NCOM)
data_1237	(OAG,GEN,NCOM)
data_1238	(NAG,NGEN,NCOM)
data_1239	(OAG,NGEN,NCOM)
data_1240	(NAG,GEN,NCOM)
data_1241	(NAG,NGEN,NCOM)
data_1242	(CAG,GEN,NCOM)
data_1243	(NAG,GEN,NCOM)
data_1244	(OAG,NGEN,COM)
data_1245	(NAG,NGEN,NCOM)
data_1246	(CAG,NGEN,NCOM)
data_1247	(OAG,GEN,NCOM)
data_1248	(CAG,GEN,NCOM)
data_1249	(NAG,NGEN,NCOM)
data_1250	(CAG,NGEN,NCOM)
data_1251	(NAG,NGEN,NCOM)
data_1252	(OAG,NGEN,NCOM)
data_1253	(OAG,GEN,NCOM)
data_1254	(OAG,NGEN,NCOM)
data_1255	(NAG,NGEN,NCOM)
data_1256	(CAG,GEN,NCOM)
data_1257	(OAG,GEN,NCOM)
