ID	Labels
data_376582	(OAG,NGEN,NCOM)
data_377511	(OAG,GEN,NCOM)
data_379436	(OAG,GEN,NCOM)
data_377609	(OAG,NGEN,COM)
data_386065	(OAG,NGEN,NCOM)
data_352963	(NAG,NGEN,NCOM)
data_385923	(OAG,NGEN,COM)
data_379018	(NAG,NGEN,NCOM)
data_353686	(NAG,NGEN,NCOM)
data_381605	(CAG,GEN,NCOM)
data_382914	(NAG,GEN,NCOM)
data_355209	(OAG,GEN,NCOM)
data_410251	(NAG,NGEN,COM)
data_346946	(NAG,NGEN,NCOM)
data_386052	(CAG,NGEN,NCOM)
data_380628	(OAG,NGEN,COM)
data_377332	(OAG,GEN,NCOM)
data_378632	(NAG,NGEN,NCOM)
data_379452	(OAG,NGEN,NCOM)
data_337861	(NAG,NGEN,NCOM)
data_466640	(OAG,GEN,NCOM)
data_354489	(OAG,GEN,NCOM)
data_466786	(OAG,GEN,NCOM)
data_379053	(NAG,NGEN,NCOM)
data_410615	(OAG,GEN,NCOM)
data_354928	(OAG,NGEN,COM)
data_441163	(CAG,GEN,NCOM)
data_489128	(NAG,NGEN,NCOM)
data_386089	(OAG,NGEN,NCOM)
data_341317	(NAG,GEN,NCOM)
data_466267	(OAG,NGEN,NCOM)
data_382168	(OAG,NGEN,COM)
data_353165	(OAG,GEN,NCOM)
data_377809	(NAG,NGEN,NCOM)
data_377634	(NAG,NGEN,NCOM)
data_353876	(OAG,GEN,NCOM)
data_373711	(OAG,GEN,NCOM)
data_466587	(CAG,NGEN,COM)
data_364157	(CAG,NGEN,NCOM)
data_338315	(OAG,GEN,NCOM)
data_385979	(NAG,NGEN,NCOM)
data_342389	(NAG,NGEN,NCOM)
data_377958	(NAG,NGEN,NCOM)
data_332159	(CAG,NGEN,NCOM)
data_407867	(CAG,NGEN,NCOM)
data_380501	(OAG,GEN,NCOM)
data_355324	(OAG,GEN,NCOM)
data_505149	(OAG,GEN,NCOM)
data_467548	(OAG,NGEN,NCOM)
data_377991	(NAG,NGEN,NCOM)
data_489030	(OAG,GEN,NCOM)
data_353708	(CAG,GEN,NCOM)
data_380676	(OAG,GEN,NCOM)
data_323042	(OAG,GEN,NCOM)
data_341328	(NAG,NGEN,NCOM)
data_379269	(NAG,NGEN,NCOM)
data_353781	(NAG,NGEN,NCOM)
data_346956	(OAG,NGEN,COM)
data_420719	(OAG,NGEN,COM)
data_376622	(NAG,NGEN,NCOM)
data_339955	(OAG,GEN,NCOM)
data_353183	(CAG,NGEN,NCOM)
data_352965	(CAG,NGEN,NCOM)
data_377493	(NAG,NGEN,NCOM)
data_378413	(NAG,NGEN,NCOM)
data_337912	(OAG,GEN,NCOM)
data_402177	(CAG,NGEN,NCOM)
data_382000	(CAG,NGEN,NCOM)
data_353412	(OAG,GEN,NCOM)
data_377881	(CAG,GEN,NCOM)
data_386354	(OAG,GEN,NCOM)
data_379469	(OAG,GEN,NCOM)
data_407436	(OAG,GEN,NCOM)
data_374035	(OAG,GEN,NCOM)
data_379168	(NAG,GEN,NCOM)
data_379842	(NAG,NGEN,NCOM)
data_378595	(OAG,NGEN,NCOM)
data_373926	(NAG,NGEN,COM)
data_379047	(CAG,GEN,NCOM)
data_337893	(OAG,GEN,NCOM)
data_382151	(NAG,NGEN,COM)
data_353559	(NAG,NGEN,NCOM)
data_410911	(OAG,GEN,NCOM)
data_403310	(NAG,NGEN,NCOM)
data_378682	(OAG,NGEN,COM)
data_354594	(NAG,NGEN,NCOM)
data_353871	(CAG,NGEN,NCOM)
data_377847	(NAG,GEN,NCOM)
data_353492	(OAG,NGEN,NCOM)
data_346954	(NAG,NGEN,NCOM)
data_377886	(OAG,GEN,NCOM)
data_405143	(OAG,GEN,NCOM)
data_379523	(CAG,NGEN,NCOM)
data_373702	(NAG,GEN,NCOM)
data_373689	(NAG,NGEN,NCOM)
data_353140	(OAG,GEN,NCOM)
data_381266	(NAG,NGEN,NCOM)
data_410552	(OAG,NGEN,NCOM)
data_342331	(OAG,NGEN,NCOM)
data_342330	(CAG,NGEN,NCOM)
data_381189	(OAG,GEN,NCOM)
data_380238	(NAG,NGEN,NCOM)
data_381678	(OAG,GEN,NCOM)
data_403788	(NAG,NGEN,NCOM)
data_401036	(OAG,GEN,NCOM)
data_352738	(CAG,NGEN,COM)
data_467837	(OAG,GEN,NCOM)
data_377985	(OAG,GEN,NCOM)
data_466388	(OAG,GEN,NCOM)
data_378008	(OAG,NGEN,NCOM)
data_353477	(NAG,NGEN,COM)
data_382141	(CAG,NGEN,NCOM)
data_353734	(OAG,GEN,NCOM)
data_377811	(OAG,GEN,NCOM)
data_339939	(OAG,GEN,NCOM)
data_381197	(NAG,NGEN,NCOM)
data_403730	(OAG,GEN,NCOM)
data_353011	(NAG,NGEN,NCOM)
data_378121	(OAG,GEN,NCOM)
data_353743	(OAG,GEN,NCOM)
data_353776	(CAG,NGEN,NCOM)
data_403709	(OAG,GEN,NCOM)
data_353459	(NAG,NGEN,NCOM)
data_342433	(OAG,NGEN,NCOM)
data_347135	(CAG,NGEN,COM)
data_352758	(OAG,NGEN,NCOM)
data_376653	(CAG,NGEN,NCOM)
data_354004	(OAG,GEN,NCOM)
data_466530	(OAG,GEN,NCOM)
data_342348	(OAG,GEN,NCOM)
data_354023	(NAG,NGEN,NCOM)
data_347049	(OAG,NGEN,NCOM)
data_386325	(NAG,NGEN,NCOM)
data_377449	(CAG,NGEN,NCOM)
data_353643	(CAG,NGEN,NCOM)
data_380634	(OAG,NGEN,NCOM)
data_352911	(NAG,NGEN,NCOM)
data_355078	(OAG,GEN,NCOM)
data_353349	(CAG,GEN,NCOM)
data_400904	(OAG,GEN,NCOM)
data_377997	(NAG,NGEN,NCOM)
data_373996	(CAG,NGEN,NCOM)
data_381450	(NAG,NGEN,NCOM)
data_378232	(NAG,NGEN,NCOM)
data_420817	(NAG,NGEN,NCOM)
data_385848	(NAG,GEN,NCOM)
data_382073	(NAG,NGEN,NCOM)
data_466588	(NAG,NGEN,NCOM)
data_379029	(NAG,NGEN,NCOM)
data_407387	(NAG,NGEN,NCOM)
data_353481	(NAG,NGEN,NCOM)
data_364109	(NAG,NGEN,NCOM)
data_353433	(CAG,NGEN,NCOM)
data_379003	(NAG,NGEN,NCOM)
data_338344	(CAG,NGEN,NCOM)
data_353222	(CAG,NGEN,COM)
data_466976	(OAG,NGEN,COM)
data_353764	(CAG,NGEN,NCOM)
data_386008	(CAG,GEN,NCOM)
data_342379	(NAG,NGEN,NCOM)
data_364082	(OAG,GEN,NCOM)
data_353103	(NAG,NGEN,NCOM)
data_381243	(OAG,GEN,NCOM)
data_364220	(CAG,NGEN,NCOM)
data_378967	(CAG,NGEN,NCOM)
data_381496	(OAG,NGEN,COM)
data_386389	(OAG,GEN,NCOM)
data_354032	(OAG,GEN,NCOM)
data_377269	(CAG,NGEN,NCOM)
data_336323	(OAG,GEN,NCOM)
data_410522	(NAG,NGEN,NCOM)
data_386375	(CAG,NGEN,NCOM)
data_386086	(NAG,NGEN,NCOM)
data_353583	(CAG,NGEN,COM)
data_373749	(OAG,GEN,NCOM)
data_335779	(OAG,GEN,NCOM)
data_353614	(NAG,NGEN,NCOM)
data_347269	(CAG,NGEN,NCOM)
data_355013	(CAG,NGEN,NCOM)
data_347105	(OAG,NGEN,NCOM)
data_381850	(NAG,NGEN,NCOM)
data_385770	(NAG,NGEN,NCOM)
data_347030	(NAG,NGEN,NCOM)
data_359038	(CAG,GEN,NCOM)
data_378966	(OAG,NGEN,NCOM)
data_467269	(NAG,NGEN,NCOM)
data_337931	(OAG,NGEN,NCOM)
data_386051	(OAG,GEN,NCOM)
data_376606	(NAG,NGEN,NCOM)
data_466983	(CAG,NGEN,NCOM)
data_354641	(NAG,NGEN,NCOM)
data_353340	(CAG,GEN,NCOM)
data_399069	(OAG,GEN,NCOM)
data_347091	(CAG,NGEN,NCOM)
data_381837	(CAG,NGEN,NCOM)
data_347315	(OAG,NGEN,NCOM)
data_382169	(OAG,NGEN,COM)
data_353571	(NAG,NGEN,NCOM)
data_378174	(NAG,NGEN,NCOM)
data_377901	(OAG,GEN,NCOM)
data_353784	(NAG,NGEN,NCOM)
data_330505	(OAG,GEN,NCOM)
data_382599	(OAG,GEN,NCOM)
data_379330	(OAG,NGEN,COM)
data_385907	(NAG,NGEN,NCOM)
data_353504	(NAG,NGEN,NCOM)
data_405281	(NAG,GEN,NCOM)
data_378348	(OAG,GEN,NCOM)
data_353424	(OAG,GEN,COM)
data_341352	(NAG,GEN,NCOM)
data_379057	(OAG,GEN,NCOM)
data_353683	(OAG,NGEN,NCOM)
data_400918	(CAG,NGEN,NCOM)
data_347110	(NAG,NGEN,NCOM)
data_373693	(NAG,NGEN,NCOM)
data_353773	(NAG,NGEN,NCOM)
data_352894	(OAG,GEN,NCOM)
data_467717	(OAG,NGEN,COM)
data_377406	(OAG,GEN,NCOM)
data_355162	(NAG,NGEN,NCOM)
data_355033	(NAG,NGEN,COM)
data_488995	(OAG,GEN,NCOM)
data_405317	(NAG,GEN,NCOM)
data_505354	(OAG,GEN,NCOM)
data_354772	(NAG,NGEN,NCOM)
data_354283	(NAG,NGEN,NCOM)
data_323136	(OAG,GEN,NCOM)
data_379156	(NAG,NGEN,NCOM)
data_342334	(CAG,NGEN,NCOM)
data_354891	(OAG,GEN,NCOM)
data_353325	(NAG,NGEN,NCOM)
data_381595	(OAG,GEN,COM)
data_381548	(CAG,NGEN,COM)
data_381920	(OAG,NGEN,NCOM)
data_364203	(OAG,GEN,NCOM)
data_341361	(CAG,GEN,NCOM)
data_378911	(OAG,GEN,NCOM)
data_353369	(NAG,NGEN,NCOM)
data_497731	(OAG,NGEN,NCOM)
data_353431	(NAG,GEN,NCOM)
data_342422	(NAG,NGEN,NCOM)
data_423169	(CAG,GEN,NCOM)
data_377939	(NAG,GEN,NCOM)
data_386359	(OAG,NGEN,COM)
data_379229	(NAG,NGEN,NCOM)
data_353134	(CAG,NGEN,NCOM)
data_386205	(OAG,GEN,NCOM)
data_379465	(CAG,GEN,NCOM)
data_386162	(NAG,NGEN,NCOM)
data_347034	(CAG,NGEN,NCOM)
data_410191	(NAG,NGEN,NCOM)
data_377381	(OAG,NGEN,NCOM)
data_400874	(OAG,GEN,NCOM)
data_374057	(OAG,NGEN,NCOM)
data_379854	(NAG,NGEN,NCOM)
data_342572	(CAG,GEN,NCOM)
data_379316	(OAG,GEN,NCOM)
data_354668	(NAG,NGEN,NCOM)
data_378974	(OAG,GEN,NCOM)
data_380654	(NAG,GEN,NCOM)
data_386407	(CAG,NGEN,NCOM)
data_407288	(OAG,NGEN,COM)
data_338067	(OAG,GEN,NCOM)
data_385845	(OAG,NGEN,NCOM)
data_394124	(OAG,GEN,NCOM)
data_328211	(CAG,NGEN,NCOM)
data_354705	(OAG,GEN,NCOM)
data_353556	(OAG,GEN,NCOM)
data_404508	(NAG,NGEN,NCOM)
data_467758	(CAG,GEN,NCOM)
data_335279	(OAG,GEN,NCOM)
data_380116	(NAG,NGEN,NCOM)
data_353541	(OAG,GEN,NCOM)
data_386007	(NAG,GEN,NCOM)
data_353228	(OAG,GEN,NCOM)
data_410188	(NAG,NGEN,NCOM)
data_386152	(NAG,GEN,NCOM)
data_346498	(NAG,GEN,COM)
data_346964	(OAG,GEN,NCOM)
data_379664	(NAG,NGEN,NCOM)
data_440972	(NAG,NGEN,NCOM)
data_364139	(NAG,NGEN,NCOM)
data_379074	(NAG,GEN,NCOM)
data_353720	(OAG,GEN,NCOM)
data_379035	(OAG,NGEN,NCOM)
data_354485	(NAG,NGEN,NCOM)
data_355305	(NAG,NGEN,NCOM)
data_378093	(NAG,NGEN,NCOM)
data_381060	(CAG,NGEN,NCOM)
data_379060	(CAG,NGEN,NCOM)
data_353630	(OAG,NGEN,NCOM)
data_376794	(OAG,GEN,NCOM)
data_414958	(NAG,NGEN,NCOM)
data_410234	(CAG,GEN,COM)
data_386315	(NAG,NGEN,NCOM)
data_379487	(CAG,GEN,NCOM)
data_386423	(OAG,GEN,NCOM)
data_386076	(NAG,NGEN,NCOM)
data_373696	(OAG,GEN,NCOM)
data_381844	(OAG,NGEN,NCOM)
data_380669	(NAG,GEN,NCOM)
data_380453	(CAG,NGEN,NCOM)
data_353383	(NAG,NGEN,NCOM)
data_379851	(OAG,NGEN,NCOM)
data_347362	(NAG,NGEN,NCOM)
data_377324	(CAG,NGEN,NCOM)
data_354606	(NAG,NGEN,NCOM)
data_352889	(OAG,GEN,NCOM)
data_379093	(CAG,NGEN,NCOM)
data_400916	(NAG,GEN,NCOM)
data_377690	(CAG,NGEN,NCOM)
data_359029	(OAG,NGEN,NCOM)
data_401098	(OAG,GEN,NCOM)
data_386437	(CAG,GEN,COM)
data_387678	(OAG,GEN,NCOM)
data_353938	(OAG,GEN,NCOM)
data_346941	(CAG,GEN,NCOM)
data_379343	(CAG,GEN,NCOM)
data_386031	(OAG,GEN,NCOM)
data_355009	(NAG,NGEN,NCOM)
data_386015	(CAG,NGEN,NCOM)
data_385829	(CAG,GEN,NCOM)
data_353656	(CAG,NGEN,NCOM)
data_377563	(OAG,GEN,NCOM)
data_386420	(OAG,NGEN,NCOM)
data_379005	(OAG,GEN,NCOM)
data_339950	(CAG,NGEN,NCOM)
data_380782	(CAG,NGEN,COM)
data_354562	(CAG,GEN,NCOM)
data_338038	(OAG,NGEN,COM)
data_379805	(OAG,GEN,NCOM)
data_354399	(NAG,NGEN,NCOM)
data_352846	(NAG,NGEN,NCOM)
data_386023	(CAG,GEN,NCOM)
data_377594	(OAG,GEN,NCOM)
data_339916	(NAG,NGEN,NCOM)
data_339924	(NAG,NGEN,NCOM)
data_386053	(NAG,GEN,NCOM)
data_342570	(OAG,NGEN,COM)
data_441006	(CAG,GEN,NCOM)
data_353253	(NAG,NGEN,NCOM)
data_354189	(NAG,NGEN,NCOM)
data_410222	(NAG,NGEN,NCOM)
data_353385	(CAG,NGEN,NCOM)
data_379678	(CAG,NGEN,NCOM)
data_332139	(NAG,NGEN,NCOM)
data_354985	(OAG,GEN,NCOM)
data_380941	(OAG,GEN,NCOM)
data_353241	(NAG,NGEN,NCOM)
data_379038	(NAG,NGEN,NCOM)
data_379613	(OAG,GEN,NCOM)
data_346974	(OAG,GEN,NCOM)
data_342590	(CAG,NGEN,NCOM)
data_382137	(NAG,GEN,NCOM)
data_386100	(NAG,NGEN,COM)
data_339891	(CAG,NGEN,NCOM)
data_346917	(NAG,GEN,NCOM)
data_353689	(OAG,GEN,NCOM)
data_338352	(OAG,NGEN,NCOM)
data_379973	(OAG,GEN,NCOM)
data_429714	(NAG,NGEN,NCOM)
data_380403	(OAG,GEN,NCOM)
data_353483	(NAG,NGEN,NCOM)
data_337837	(OAG,GEN,NCOM)
data_378607	(CAG,NGEN,NCOM)
data_379337	(OAG,GEN,NCOM)
data_399131	(NAG,NGEN,NCOM)
data_353769	(NAG,NGEN,NCOM)
data_385993	(NAG,NGEN,NCOM)
data_353695	(NAG,NGEN,NCOM)
data_385865	(CAG,GEN,NCOM)
data_496624	(NAG,NGEN,NCOM)
data_377999	(NAG,NGEN,NCOM)
data_379032	(NAG,NGEN,NCOM)
data_378645	(NAG,NGEN,NCOM)
data_347165	(NAG,NGEN,NCOM)
data_379125	(CAG,NGEN,NCOM)
data_497709	(NAG,NGEN,NCOM)
data_353353	(OAG,GEN,NCOM)
data_330937	(NAG,GEN,NCOM)
data_354257	(CAG,GEN,NCOM)
data_382007	(NAG,NGEN,NCOM)
data_489054	(CAG,GEN,NCOM)
data_385887	(NAG,NGEN,NCOM)
data_353285	(OAG,GEN,NCOM)
data_377932	(NAG,NGEN,NCOM)
data_364132	(OAG,GEN,NCOM)
data_352897	(OAG,NGEN,COM)
data_407910	(NAG,NGEN,NCOM)
data_467841	(OAG,NGEN,NCOM)
data_385834	(OAG,NGEN,NCOM)
data_346957	(NAG,GEN,NCOM)
data_379255	(NAG,NGEN,NCOM)
data_377464	(CAG,GEN,NCOM)
data_406538	(CAG,NGEN,NCOM)
data_353484	(CAG,NGEN,NCOM)
data_373714	(OAG,GEN,NCOM)
data_352938	(NAG,NGEN,COM)
data_385824	(NAG,GEN,NCOM)
data_352775	(CAG,NGEN,NCOM)
data_339959	(OAG,GEN,NCOM)
data_382302	(NAG,NGEN,NCOM)
data_333598	(OAG,NGEN,NCOM)
data_377566	(OAG,GEN,NCOM)
data_354040	(OAG,NGEN,NCOM)
data_378614	(OAG,GEN,NCOM)
data_407870	(CAG,NGEN,NCOM)
data_381175	(CAG,NGEN,NCOM)
data_403692	(NAG,NGEN,COM)
data_347377	(NAG,NGEN,NCOM)
data_353240	(CAG,NGEN,NCOM)
data_380018	(CAG,NGEN,NCOM)
data_353252	(CAG,NGEN,NCOM)
data_374036	(CAG,GEN,NCOM)
data_352935	(OAG,GEN,NCOM)
data_379165	(OAG,GEN,NCOM)
data_364181	(OAG,GEN,NCOM)
data_377411	(NAG,GEN,NCOM)
data_373884	(OAG,NGEN,NCOM)
data_385981	(CAG,NGEN,NCOM)
data_402243	(OAG,GEN,NCOM)
data_381864	(NAG,NGEN,COM)
data_385952	(CAG,NGEN,NCOM)
data_377978	(NAG,NGEN,COM)
data_379200	(OAG,GEN,NCOM)
data_353176	(NAG,NGEN,NCOM)
data_377852	(OAG,GEN,NCOM)
data_379079	(OAG,GEN,NCOM)
data_381372	(OAG,GEN,NCOM)
data_353037	(CAG,NGEN,NCOM)
data_373958	(OAG,GEN,NCOM)
data_385982	(OAG,GEN,NCOM)
data_353004	(NAG,NGEN,NCOM)
data_378110	(NAG,NGEN,NCOM)
data_342343	(CAG,NGEN,NCOM)
data_377869	(OAG,GEN,NCOM)
data_353690	(NAG,NGEN,NCOM)
data_441349	(OAG,NGEN,NCOM)
data_377961	(OAG,NGEN,COM)
data_385998	(CAG,NGEN,NCOM)
data_378126	(OAG,GEN,NCOM)
data_353178	(CAG,NGEN,NCOM)
data_403746	(OAG,GEN,NCOM)
data_380293	(OAG,GEN,NCOM)
data_353518	(OAG,GEN,NCOM)
data_352926	(OAG,GEN,NCOM)
data_385991	(NAG,NGEN,NCOM)
data_355061	(NAG,NGEN,NCOM)
data_386471	(NAG,NGEN,NCOM)
data_337992	(OAG,GEN,NCOM)
data_354351	(OAG,NGEN,NCOM)
data_420830	(NAG,GEN,NCOM)
data_382944	(OAG,GEN,NCOM)
data_328242	(NAG,NGEN,NCOM)
data_410591	(OAG,GEN,NCOM)
data_380499	(NAG,NGEN,NCOM)
data_381321	(OAG,NGEN,COM)
data_489024	(CAG,NGEN,NCOM)
data_379352	(NAG,GEN,NCOM)
data_403298	(OAG,GEN,NCOM)
data_505187	(CAG,NGEN,NCOM)
data_386066	(CAG,GEN,NCOM)
data_377598	(CAG,GEN,NCOM)
data_353226	(NAG,GEN,NCOM)
data_467786	(OAG,GEN,NCOM)
data_353723	(NAG,NGEN,NCOM)
data_380549	(OAG,GEN,NCOM)
data_353907	(OAG,NGEN,NCOM)
data_378515	(OAG,GEN,NCOM)
data_346893	(CAG,GEN,NCOM)
data_379098	(CAG,NGEN,NCOM)
data_399091	(NAG,NGEN,NCOM)
data_354598	(OAG,NGEN,COM)
data_354223	(OAG,NGEN,NCOM)
data_355800	(NAG,NGEN,NCOM)
data_403652	(OAG,GEN,NCOM)
data_354826	(CAG,GEN,NCOM)
data_488923	(OAG,NGEN,NCOM)
data_377428	(NAG,NGEN,NCOM)
data_346874	(NAG,NGEN,NCOM)
data_381601	(NAG,NGEN,NCOM)
data_385937	(CAG,NGEN,NCOM)
data_405308	(NAG,NGEN,NCOM)
data_353318	(NAG,NGEN,NCOM)
data_379036	(NAG,GEN,COM)
data_397267	(OAG,GEN,NCOM)
data_347001	(OAG,GEN,NCOM)
data_380673	(NAG,NGEN,NCOM)
data_489186	(CAG,NGEN,NCOM)
data_355781	(NAG,NGEN,NCOM)
data_377711	(NAG,NGEN,NCOM)
data_382286	(CAG,NGEN,NCOM)
data_397268	(NAG,NGEN,NCOM)
data_378573	(OAG,NGEN,NCOM)
data_386070	(OAG,NGEN,NCOM)
data_352950	(CAG,NGEN,NCOM)
data_385975	(OAG,GEN,NCOM)
data_353638	(OAG,GEN,NCOM)
data_336321	(OAG,GEN,NCOM)
data_347247	(CAG,NGEN,COM)
data_353039	(OAG,NGEN,NCOM)
data_400754	(OAG,GEN,NCOM)
data_353060	(OAG,GEN,NCOM)
data_377363	(OAG,NGEN,COM)
data_400731	(OAG,NGEN,NCOM)
data_378878	(NAG,NGEN,NCOM)
data_337847	(OAG,NGEN,COM)
data_403278	(NAG,NGEN,NCOM)
data_381295	(NAG,NGEN,NCOM)
data_354650	(CAG,GEN,NCOM)
data_497732	(NAG,GEN,NCOM)
data_401000	(OAG,GEN,NCOM)
data_378971	(NAG,NGEN,COM)
data_420753	(NAG,NGEN,NCOM)
data_353192	(CAG,NGEN,NCOM)
data_383495	(OAG,NGEN,COM)
data_380962	(OAG,GEN,NCOM)
data_354745	(NAG,NGEN,NCOM)
data_405314	(OAG,NGEN,NCOM)
data_353390	(NAG,NGEN,NCOM)
data_354518	(OAG,GEN,NCOM)
data_471123	(OAG,GEN,NCOM)
data_402221	(OAG,GEN,NCOM)
data_352946	(NAG,NGEN,NCOM)
data_378240	(OAG,GEN,NCOM)
data_342328	(OAG,NGEN,COM)
data_377633	(CAG,GEN,NCOM)
data_353225	(NAG,NGEN,NCOM)
data_353188	(OAG,NGEN,NCOM)
data_407908	(NAG,GEN,NCOM)
data_379559	(OAG,NGEN,NCOM)
data_381429	(OAG,NGEN,COM)
data_377724	(OAG,GEN,NCOM)
data_397201	(NAG,NGEN,NCOM)
data_354773	(NAG,NGEN,NCOM)
data_354929	(OAG,GEN,NCOM)
data_399125	(OAG,GEN,NCOM)
data_378590	(CAG,NGEN,COM)
data_385858	(CAG,NGEN,NCOM)
data_342370	(OAG,GEN,NCOM)
data_352969	(NAG,NGEN,NCOM)
data_378157	(NAG,NGEN,NCOM)
data_378131	(NAG,NGEN,NCOM)
data_353493	(CAG,NGEN,NCOM)
data_338005	(CAG,NGEN,NCOM)
data_342699	(OAG,GEN,NCOM)
data_377721	(OAG,GEN,NCOM)
data_353970	(OAG,GEN,NCOM)
data_373788	(OAG,NGEN,NCOM)
data_363430	(NAG,NGEN,NCOM)
data_382080	(OAG,GEN,NCOM)
data_355344	(CAG,GEN,NCOM)
data_346890	(OAG,GEN,NCOM)
data_379900	(OAG,GEN,NCOM)
data_386047	(NAG,NGEN,NCOM)
data_354363	(NAG,NGEN,NCOM)
data_352878	(NAG,NGEN,NCOM)
data_488955	(OAG,NGEN,COM)
data_353585	(OAG,NGEN,COM)
data_400808	(NAG,NGEN,NCOM)
data_355746	(OAG,GEN,NCOM)
data_378272	(CAG,NGEN,NCOM)
data_378115	(CAG,NGEN,NCOM)
data_353250	(NAG,NGEN,NCOM)
data_380508	(NAG,NGEN,NCOM)
data_380813	(OAG,GEN,NCOM)
data_403311	(CAG,NGEN,NCOM)
data_378380	(CAG,NGEN,NCOM)
data_378290	(OAG,GEN,NCOM)
data_342382	(CAG,GEN,NCOM)
data_377715	(OAG,GEN,NCOM)
data_353275	(OAG,GEN,NCOM)
data_354884	(OAG,GEN,NCOM)
data_385880	(OAG,GEN,NCOM)
data_353862	(NAG,GEN,NCOM)
data_377656	(NAG,NGEN,NCOM)
data_377762	(OAG,NGEN,NCOM)
data_364114	(NAG,NGEN,COM)
data_353457	(CAG,GEN,NCOM)
data_353066	(OAG,GEN,NCOM)
data_378203	(NAG,NGEN,COM)
data_353092	(NAG,NGEN,NCOM)
data_352994	(OAG,GEN,NCOM)
data_353316	(NAG,NGEN,NCOM)
data_378021	(OAG,NGEN,COM)
data_489042	(NAG,NGEN,NCOM)
data_354543	(CAG,NGEN,NCOM)
data_403791	(NAG,GEN,NCOM)
data_353456	(OAG,NGEN,NCOM)
data_374077	(NAG,NGEN,NCOM)
data_380951	(OAG,GEN,NCOM)
data_400748	(OAG,GEN,NCOM)
data_347276	(CAG,NGEN,NCOM)
data_377749	(NAG,GEN,NCOM)
data_386158	(NAG,NGEN,NCOM)
data_354743	(OAG,GEN,NCOM)
data_399055	(NAG,NGEN,NCOM)
data_386153	(OAG,NGEN,NCOM)
data_352848	(OAG,NGEN,NCOM)
data_379517	(CAG,NGEN,NCOM)
data_399051	(OAG,GEN,NCOM)
data_353430	(NAG,NGEN,NCOM)
data_496022	(OAG,GEN,NCOM)
data_377971	(NAG,NGEN,NCOM)
data_353091	(OAG,GEN,NCOM)
data_377717	(CAG,NGEN,COM)
data_381599	(OAG,GEN,NCOM)
data_378071	(OAG,GEN,NCOM)
data_420756	(OAG,GEN,NCOM)
data_386073	(OAG,NGEN,NCOM)
data_385757	(NAG,NGEN,COM)
data_394121	(CAG,NGEN,NCOM)
data_342349	(OAG,GEN,NCOM)
data_440978	(OAG,GEN,NCOM)
data_353326	(OAG,GEN,NCOM)
data_373725	(NAG,NGEN,NCOM)
data_377815	(OAG,GEN,NCOM)
data_352934	(NAG,NGEN,NCOM)
data_379563	(OAG,GEN,NCOM)
data_333986	(OAG,GEN,NCOM)
data_489190	(CAG,NGEN,NCOM)
data_377653	(OAG,GEN,NCOM)
data_353818	(NAG,NGEN,NCOM)
data_347102	(OAG,NGEN,NCOM)
data_354801	(CAG,NGEN,COM)
data_364172	(OAG,NGEN,NCOM)
data_346875	(CAG,NGEN,NCOM)
data_400995	(OAG,GEN,NCOM)
data_381895	(OAG,GEN,NCOM)
data_397275	(OAG,GEN,NCOM)
data_346914	(NAG,NGEN,NCOM)
data_489232	(OAG,NGEN,NCOM)
data_354506	(NAG,NGEN,NCOM)
data_378072	(CAG,NGEN,NCOM)
data_330654	(CAG,NGEN,NCOM)
data_353806	(OAG,NGEN,NCOM)
data_403422	(NAG,NGEN,NCOM)
data_353023	(OAG,GEN,NCOM)
data_353185	(CAG,GEN,NCOM)
data_346490	(OAG,GEN,NCOM)
data_353482	(NAG,NGEN,NCOM)
data_410236	(CAG,NGEN,NCOM)
data_354567	(NAG,NGEN,NCOM)
data_347172	(NAG,NGEN,NCOM)
data_353837	(NAG,NGEN,NCOM)
data_354096	(NAG,GEN,NCOM)
data_376580	(NAG,NGEN,NCOM)
data_354139	(NAG,NGEN,NCOM)
data_339890	(NAG,NGEN,NCOM)
data_381549	(NAG,NGEN,NCOM)
data_403769	(NAG,NGEN,NCOM)
data_377752	(NAG,NGEN,NCOM)
data_342474	(CAG,NGEN,NCOM)
data_385929	(NAG,NGEN,NCOM)
data_496297	(CAG,NGEN,NCOM)
data_339978	(CAG,NGEN,COM)
data_386154	(OAG,NGEN,COM)
data_373794	(CAG,NGEN,NCOM)
data_346921	(CAG,GEN,NCOM)
data_402175	(NAG,NGEN,NCOM)
data_378950	(OAG,GEN,NCOM)
data_353205	(NAG,NGEN,NCOM)
data_410520	(OAG,GEN,NCOM)
data_400932	(CAG,NGEN,NCOM)
data_346940	(CAG,NGEN,NCOM)
data_363444	(OAG,NGEN,COM)
data_359045	(OAG,GEN,NCOM)
data_382083	(OAG,GEN,NCOM)
data_380785	(CAG,NGEN,NCOM)
data_378003	(OAG,GEN,NCOM)
data_373907	(NAG,NGEN,NCOM)
data_347014	(CAG,NGEN,NCOM)
data_397256	(NAG,NGEN,NCOM)
data_379592	(CAG,NGEN,COM)
data_346517	(OAG,GEN,NCOM)
data_377623	(OAG,GEN,NCOM)
data_339938	(NAG,NGEN,NCOM)
data_352959	(CAG,NGEN,NCOM)
data_364032	(CAG,NGEN,NCOM)
data_341848	(OAG,NGEN,NCOM)
data_364167	(NAG,NGEN,NCOM)
data_347017	(NAG,NGEN,NCOM)
data_352861	(NAG,NGEN,NCOM)
data_339935	(CAG,GEN,NCOM)
data_364120	(OAG,NGEN,NCOM)
data_353232	(NAG,NGEN,NCOM)
data_381613	(OAG,NGEN,NCOM)
data_353027	(OAG,GEN,NCOM)
data_353021	(NAG,NGEN,NCOM)
data_489426	(CAG,NGEN,NCOM)
data_377329	(NAG,NGEN,NCOM)
data_403347	(CAG,GEN,NCOM)
data_352842	(OAG,GEN,NCOM)
data_489123	(CAG,NGEN,NCOM)
data_352823	(CAG,NGEN,NCOM)
data_352930	(OAG,NGEN,NCOM)
data_377689	(OAG,NGEN,COM)
data_378880	(NAG,NGEN,NCOM)
data_377843	(NAG,NGEN,NCOM)
data_379970	(OAG,GEN,NCOM)
data_380360	(NAG,NGEN,NCOM)
data_337885	(OAG,GEN,NCOM)
data_364162	(OAG,GEN,NCOM)
data_382159	(OAG,NGEN,COM)
data_341337	(NAG,NGEN,NCOM)
data_353719	(NAG,NGEN,NCOM)
data_379126	(NAG,GEN,NCOM)
data_339951	(OAG,GEN,NCOM)
data_339923	(OAG,GEN,COM)
data_353322	(NAG,GEN,NCOM)
data_399075	(OAG,GEN,NCOM)
data_402252	(OAG,NGEN,NCOM)
data_410252	(CAG,NGEN,NCOM)
data_403667	(NAG,NGEN,NCOM)
data_347457	(NAG,NGEN,NCOM)
data_354329	(NAG,NGEN,NCOM)
data_420733	(OAG,GEN,NCOM)
data_354872	(OAG,NGEN,COM)
data_353602	(OAG,GEN,NCOM)
data_364156	(NAG,NGEN,NCOM)
data_380815	(NAG,NGEN,COM)
data_342401	(OAG,GEN,NCOM)
data_385934	(NAG,GEN,NCOM)
data_352913	(OAG,GEN,NCOM)
data_399049	(NAG,NGEN,NCOM)
data_381972	(NAG,NGEN,NCOM)
data_400787	(OAG,GEN,NCOM)
data_381817	(NAG,NGEN,NCOM)
data_353501	(CAG,NGEN,NCOM)
data_347062	(OAG,GEN,NCOM)
data_335080	(NAG,NGEN,NCOM)
data_353367	(OAG,GEN,COM)
data_403618	(CAG,NGEN,COM)
data_342713	(OAG,NGEN,NCOM)
data_505911	(OAG,GEN,NCOM)
data_381818	(CAG,GEN,NCOM)
data_337962	(OAG,GEN,NCOM)
data_377835	(NAG,NGEN,NCOM)
data_379085	(OAG,NGEN,NCOM)
data_377688	(NAG,GEN,NCOM)
data_467636	(NAG,NGEN,NCOM)
data_379434	(CAG,GEN,NCOM)
data_379296	(NAG,GEN,NCOM)
data_379619	(OAG,NGEN,COM)
data_381863	(NAG,NGEN,NCOM)
data_378276	(CAG,NGEN,NCOM)
data_353785	(OAG,GEN,NCOM)
data_380387	(CAG,GEN,NCOM)
data_353338	(NAG,NGEN,NCOM)
data_347221	(CAG,NGEN,NCOM)
data_330595	(NAG,NGEN,NCOM)
data_402188	(OAG,NGEN,NCOM)
data_379426	(OAG,GEN,NCOM)
data_379023	(OAG,NGEN,NCOM)
data_410556	(NAG,NGEN,NCOM)
data_377361	(CAG,GEN,NCOM)
data_353084	(OAG,GEN,NCOM)
data_353486	(NAG,NGEN,NCOM)
data_378625	(OAG,GEN,NCOM)
data_377862	(NAG,GEN,NCOM)
data_355804	(CAG,NGEN,NCOM)
data_373760	(OAG,NGEN,COM)
data_347073	(OAG,GEN,NCOM)
data_405335	(OAG,NGEN,NCOM)
data_402190	(OAG,GEN,NCOM)
data_506904	(CAG,NGEN,NCOM)
data_385760	(OAG,GEN,NCOM)
data_341318	(OAG,GEN,NCOM)
data_381224	(NAG,NGEN,NCOM)
data_354125	(CAG,GEN,NCOM)
data_403305	(OAG,GEN,NCOM)
data_336330	(NAG,NGEN,NCOM)
data_353306	(OAG,GEN,NCOM)
data_397244	(NAG,GEN,NCOM)
data_347200	(OAG,GEN,NCOM)
data_385961	(NAG,NGEN,NCOM)
data_474190	(NAG,GEN,NCOM)
data_353831	(NAG,GEN,COM)
data_355058	(OAG,GEN,NCOM)
data_354712	(NAG,NGEN,NCOM)
data_467157	(NAG,NGEN,NCOM)
data_496259	(NAG,NGEN,NCOM)
data_353543	(NAG,GEN,NCOM)
data_379175	(OAG,GEN,NCOM)
data_362881	(OAG,NGEN,NCOM)
data_377798	(NAG,NGEN,NCOM)
data_352744	(NAG,NGEN,NCOM)
data_353946	(NAG,NGEN,NCOM)
data_378349	(CAG,NGEN,NCOM)
data_382249	(CAG,NGEN,NCOM)
data_382130	(OAG,NGEN,NCOM)
data_328173	(OAG,GEN,NCOM)
data_488958	(NAG,NGEN,NCOM)
data_377397	(CAG,GEN,COM)
data_378840	(NAG,NGEN,NCOM)
data_378706	(CAG,GEN,NCOM)
data_342404	(OAG,GEN,NCOM)
data_409695	(NAG,NGEN,NCOM)
data_489007	(OAG,GEN,NCOM)
data_364242	(OAG,NGEN,NCOM)
data_379843	(NAG,GEN,NCOM)
data_400737	(CAG,NGEN,NCOM)
data_377599	(NAG,NGEN,NCOM)
data_353143	(OAG,NGEN,NCOM)
data_410230	(NAG,NGEN,NCOM)
data_382140	(CAG,NGEN,NCOM)
data_328234	(NAG,NGEN,NCOM)
data_430454	(OAG,GEN,NCOM)
data_353998	(CAG,NGEN,NCOM)
data_471168	(NAG,GEN,NCOM)
data_355863	(CAG,NGEN,NCOM)
data_496225	(OAG,NGEN,NCOM)
data_352811	(OAG,GEN,NCOM)
data_332152	(CAG,GEN,COM)
data_382906	(OAG,GEN,NCOM)
data_380343	(OAG,GEN,NCOM)
data_353919	(CAG,GEN,NCOM)
data_352882	(CAG,GEN,NCOM)
data_347072	(OAG,GEN,NCOM)
data_339936	(NAG,NGEN,NCOM)
data_498103	(CAG,NGEN,NCOM)
data_442392	(CAG,GEN,NCOM)
data_407487	(CAG,NGEN,NCOM)
data_414823	(OAG,GEN,NCOM)
data_408506	(OAG,NGEN,NCOM)
data_337955	(OAG,GEN,NCOM)
data_354635	(CAG,NGEN,NCOM)
data_385763	(CAG,NGEN,COM)
data_497768	(CAG,GEN,NCOM)
data_410908	(OAG,NGEN,COM)
data_385847	(OAG,GEN,NCOM)
data_378184	(NAG,NGEN,NCOM)
data_442377	(NAG,NGEN,NCOM)
data_403429	(CAG,GEN,NCOM)
data_337855	(OAG,GEN,NCOM)
data_462739	(NAG,NGEN,NCOM)
data_420839	(NAG,NGEN,NCOM)
data_382010	(NAG,GEN,NCOM)
data_406240	(OAG,NGEN,COM)
data_382969	(CAG,GEN,NCOM)
data_325565	(NAG,NGEN,NCOM)
data_333601	(NAG,NGEN,NCOM)
data_457565	(NAG,NGEN,NCOM)
data_378778	(CAG,NGEN,NCOM)
data_362892	(CAG,NGEN,NCOM)
data_364301	(NAG,NGEN,NCOM)
data_420738	(OAG,GEN,NCOM)
data_408833	(OAG,GEN,NCOM)
data_409353	(NAG,NGEN,NCOM)
data_363437	(NAG,NGEN,NCOM)
data_363422	(OAG,GEN,NCOM)
data_352786	(OAG,GEN,NCOM)
data_420820	(CAG,NGEN,NCOM)
data_387671	(NAG,GEN,NCOM)
data_382598	(NAG,NGEN,COM)
data_375047	(CAG,NGEN,NCOM)
data_371538	(NAG,GEN,NCOM)
data_385750	(OAG,GEN,NCOM)
data_414799	(OAG,NGEN,NCOM)
data_382923	(OAG,GEN,NCOM)
data_506903	(NAG,NGEN,NCOM)
data_497773	(OAG,GEN,NCOM)
data_352999	(NAG,NGEN,NCOM)
data_403715	(OAG,GEN,NCOM)
data_376621	(CAG,NGEN,NCOM)
data_414806	(OAG,GEN,NCOM)
data_385728	(NAG,NGEN,NCOM)
data_363443	(NAG,NGEN,NCOM)
data_337974	(NAG,NGEN,NCOM)
data_376647	(NAG,NGEN,NCOM)
data_337961	(CAG,GEN,NCOM)
data_466308	(NAG,NGEN,NCOM)
data_436438	(NAG,NGEN,NCOM)
data_408910	(NAG,NGEN,NCOM)
data_410910	(NAG,NGEN,NCOM)
data_352752	(NAG,NGEN,NCOM)
data_504814	(CAG,NGEN,NCOM)
data_386110	(NAG,NGEN,NCOM)
data_352780	(OAG,GEN,NCOM)
data_409940	(NAG,GEN,NCOM)
data_337852	(CAG,GEN,NCOM)
data_353442	(NAG,NGEN,NCOM)
data_468754	(CAG,GEN,NCOM)
data_409944	(NAG,NGEN,NCOM)
data_378037	(OAG,GEN,NCOM)
data_352750	(NAG,NGEN,NCOM)
data_416380	(OAG,GEN,NCOM)
data_410521	(OAG,NGEN,COM)
data_380713	(NAG,NGEN,NCOM)
data_346918	(OAG,NGEN,NCOM)
data_322267	(OAG,NGEN,NCOM)
data_420742	(NAG,GEN,NCOM)
data_507025	(NAG,NGEN,NCOM)
data_375055	(CAG,GEN,NCOM)
data_339285	(CAG,NGEN,NCOM)
data_382968	(CAG,NGEN,NCOM)
data_420744	(OAG,GEN,NCOM)
data_402174	(NAG,NGEN,COM)
data_335770	(NAG,GEN,NCOM)
data_382910	(CAG,NGEN,NCOM)
data_364101	(OAG,GEN,NCOM)
data_403619	(NAG,NGEN,NCOM)
data_420789	(OAG,NGEN,NCOM)
data_377673	(OAG,GEN,NCOM)
data_376599	(OAG,NGEN,NCOM)
data_377494	(OAG,GEN,NCOM)
data_497706	(CAG,NGEN,NCOM)
data_420804	(CAG,NGEN,NCOM)
data_386039	(NAG,NGEN,COM)
data_333873	(NAG,NGEN,NCOM)
data_378018	(CAG,NGEN,NCOM)
data_336259	(CAG,NGEN,NCOM)
data_322307	(CAG,NGEN,NCOM)
data_353008	(CAG,GEN,NCOM)
data_403731	(OAG,GEN,NCOM)
data_333607	(OAG,GEN,NCOM)
data_379485	(OAG,GEN,NCOM)
data_387677	(NAG,GEN,NCOM)
data_353593	(OAG,NGEN,NCOM)
data_335153	(CAG,NGEN,NCOM)
data_377396	(OAG,GEN,NCOM)
data_410218	(NAG,NGEN,COM)
data_408510	(CAG,NGEN,NCOM)
data_407386	(NAG,NGEN,COM)
data_352818	(OAG,GEN,NCOM)
data_338090	(NAG,NGEN,NCOM)
data_496246	(OAG,GEN,NCOM)
data_382009	(OAG,GEN,NCOM)
data_355253	(OAG,GEN,NCOM)
data_403767	(CAG,NGEN,NCOM)
data_376628	(OAG,GEN,NCOM)
data_385752	(OAG,GEN,NCOM)
data_474192	(NAG,NGEN,NCOM)
data_385743	(NAG,NGEN,NCOM)
data_407481	(CAG,NGEN,NCOM)
data_411378	(OAG,GEN,NCOM)
data_346991	(NAG,NGEN,NCOM)
data_337954	(OAG,NGEN,NCOM)
data_404431	(OAG,NGEN,COM)
data_386125	(CAG,NGEN,NCOM)
data_418472	(OAG,GEN,NCOM)
data_420699	(CAG,NGEN,NCOM)
data_342338	(OAG,GEN,NCOM)
data_407395	(OAG,GEN,NCOM)
data_481843	(OAG,GEN,NCOM)
data_339284	(OAG,GEN,NCOM)
data_364311	(NAG,NGEN,NCOM)
data_462754	(NAG,NGEN,NCOM)
data_414802	(NAG,NGEN,NCOM)
data_507544	(OAG,GEN,NCOM)
data_353041	(OAG,NGEN,NCOM)
data_495961	(NAG,GEN,NCOM)
data_507105	(OAG,GEN,NCOM)
data_352810	(NAG,NGEN,NCOM)
data_376627	(OAG,GEN,NCOM)
data_377876	(NAG,NGEN,NCOM)
data_385751	(OAG,NGEN,COM)
data_410229	(CAG,NGEN,NCOM)
data_399076	(NAG,GEN,NCOM)
data_385749	(OAG,GEN,NCOM)
data_416383	(CAG,NGEN,NCOM)
data_347139	(CAG,GEN,NCOM)
data_496223	(CAG,GEN,NCOM)
data_332384	(NAG,GEN,NCOM)
data_380583	(OAG,GEN,NCOM)
data_472952	(NAG,NGEN,NCOM)
data_325563	(OAG,GEN,NCOM)
data_409361	(OAG,NGEN,NCOM)
data_410241	(OAG,GEN,NCOM)
data_376635	(CAG,GEN,NCOM)
